Order #,FirstName,LastName,Address1,Address2,City,State,PostalCode,Country,Order Date,Product Weight,Shipping Method,Item Count,Value Of Products,Shipping Fee Paid,Tracking #,Carrier
"A2FFC195-000001-00007","Buyer001","Placeholder","101 Example St","","Springfield","WV","17919-0013","US","2026-05-30","0.00","Standard (7-10 days)","10","88.80","0.00","",""
"A2FFC195-000002-0000E","Buyer002","Placeholder","102 Example St","","Springfield","TX","25838-0026","US","2026-05-30","0.00","Standard (7-10 days)","10","87.20","0.00","",""
"A2FFC195-000003-00015","Buyer003","Placeholder","103 Example St","","Springfield","CA","33757-0039","US","2026-05-30","0.00","Standard (7-10 days)","10","80.19","0.00","",""
"A2FFC195-000004-0001C","Buyer004","Placeholder","104 Example St","","Springfield","MN","41676-0052","US","2026-05-30","0.00","Standard (7-10 days)","2","395.34","0.00","",""
"A2FFC195-000005-00023","Buyer005","Placeholder","105 Example St","","Springfield","UT","49595","US","2026-05-31","0.07","Standard (7-10 days)","1","4.89","1.99","",""
"A2FFC195-000006-0002A","Buyer006","Placeholder","106 Example St","","Springfield","WI","57514-0078","US","2026-05-31","0.07","Standard (7-10 days)","1","7.49","1.99","",""
"A2FFC195-000007-00031","Buyer007","Placeholder","107 Example St","","Springfield","TX","65433","US","2026-06-01","0.00","Standard (7-10 days)","17","219.13","0.00","",""
"A2FFC195-000008-00038","Buyer008","Placeholder","108 Example St","","Springfield","MO","73352","US","2026-06-01","0.07","Standard (7-10 days)","1","2.99","1.99","",""
"A2FFC195-000009-0003F","Buyer009","Placeholder","109 Example St","","Springfield","WA","81271","US","2026-06-01","0.07","Standard (7-10 days)","1","5.99","1.99","",""
"A2FFC195-00000A-00046","Buyer010","Placeholder","110 Example St","","Springfield","MA","89190-0130","US","2026-06-01","0.14","Standard (7-10 days)","2","6.48","1.99","",""
"A2FFC195-00000B-0004D","Buyer011","Placeholder","111 Example St","","Springfield","TX","97109","US","2026-06-01","0.14","Standard (7-10 days)","2","9.78","1.99","",""
"A2FFC195-00000C-00054","Buyer012","Placeholder","112 Example St","Unit 12","Springfield","MA","15028","US","2026-06-01","0.00","Standard (7-10 days)","8","188.52","0.00","",""
"A2FFC195-00000D-0005B","Buyer013","Placeholder","113 Example St","","Springfield","PA","22947-0169","US","2026-06-01","0.00","Standard (7-10 days)","1","333.33","0.00","",""
"A2FFC195-00000E-00062","Buyer014","Placeholder","114 Example St","","Springfield","AZ","30866-0182","US","2026-06-01","0.00","Standard (7-10 days)","10","100.18","0.00","",""
"A2FFC195-00000F-00069","Buyer015","Placeholder","115 Example St","","Springfield","OR","38785-0195","US","2026-06-01","0.00","Standard (7-10 days)","8","78.32","0.00","",""
"A2FFC195-000010-00070","Buyer016","Placeholder","116 Example St","","Springfield","WI","46704-0208","US","2026-06-01","0.07","Standard (7-10 days)","1","26.89","1.99","",""
"A2FFC195-000011-00077","Buyer017","Placeholder","117 Example St","","Springfield","MO","54623","US","2026-06-01","0.14","Standard (7-10 days)","2","4.00","1.99","",""
"A2FFC195-000012-0007E","Buyer018","Placeholder","118 Example St","Unit 18","Springfield","CA","62542","US","2026-06-01","0.42","Standard (7-10 days)","6","12.00","1.00","",""
"A2FFC195-000013-00085","Buyer019","Placeholder","119 Example St","","Springfield","VA","70461-0247","US","2026-06-01","0.07","Standard (7-10 days)","1","5.28","1.00","",""
"A2FFC195-000014-0008C","Buyer020","Placeholder","120 Example St","","Springfield","WV","78380-0260","US","2026-06-02","0.00","Standard (7-10 days)","2","119.98","10.00","",""
"A2FFC195-000015-00093","Buyer021","Placeholder","121 Example St","","Springfield","TX","86299-0273","US","2026-06-03","0.14","Standard (7-10 days)","2","18.99","1.00","",""
"A2FFC195-000016-0009A","Buyer022","Placeholder","122 Example St","","Springfield","CA","94218-0286","US","2026-06-03","0.14","Standard (7-10 days)","2","4.00","1.49","",""
"A2FFC195-000017-000A1","Buyer023","Placeholder","123 Example St","","Springfield","MA","12137","US","2026-06-03","0.14","Standard (7-10 days)","2","6.20","1.00","",""
"A2FFC195-000018-000A8","Buyer024","Placeholder","124 Example St","Unit 24","Springfield","FL","20056","US","2026-06-03","0.00","Standard (7-10 days)","6","67.14","0.00","",""
"A2FFC195-000019-000AF","Buyer025","Placeholder","125 Example St","","Springfield","SC","27975-0325","US","2026-06-03","0.07","Standard (7-10 days)","1","9.79","1.00","",""
"A2FFC195-00001A-000B6","Buyer026","Placeholder","126 Example St","Unit 26","Springfield","OH","35894","US","2026-06-04","0.14","Standard (7-10 days)","2","9.40","1.00","",""
"A2FFC195-00001B-000BD","Buyer027","Placeholder","127 Example St","Unit 27","Springfield","KY","43813-0351","US","2026-06-04","0.00","Standard (7-10 days)","8","77.52","0.00","",""
"A2FFC195-00001C-000C4","Buyer028","Placeholder","128 Example St","","Springfield","IA","51732-0364","US","2026-06-04","0.00","Standard (7-10 days)","26","251.94","0.00","",""
"A2FFC195-00001D-000CB","Buyer029","Placeholder","129 Example St","","Springfield","GA","59651","US","2026-06-04","0.14","Standard (7-10 days)","2","13.56","1.00","",""
"A2FFC195-00001E-000D2","Buyer030","Placeholder","130 Example St","","Springfield","MN","67570","US","2026-06-11","0.14","Standard (7-10 days)","2","3.00","1.49","",""
"A2FFC195-00001F-000D9","Buyer031","Placeholder","131 Example St","","Springfield","NY","75489-0403","US","2026-06-12","0.00","Standard (7-10 days)","1","599.99","0.00","",""
"A2FFC195-000020-000E0","Buyer032","Placeholder","132 Example St","","Springfield","CA","83408-0416","US","2026-06-12","0.21","Standard (7-10 days)","3","4.50","1.49","",""
"A2FFC195-000021-000E7","Buyer033","Placeholder","133 Example St","","Springfield","MA","91327-0429","US","2026-06-12","0.14","Standard (7-10 days)","2","46.65","1.00","",""
"A2FFC195-000022-000EE","Buyer034","Placeholder","134 Example St","","Springfield","TN","99246-0442","US","2026-06-13","0.21","Standard (7-10 days)","3","34.80","1.00","",""
"A2FFC195-000023-000F5","Buyer035","Placeholder","135 Example St","","Springfield","OR","17165-0455","US","2026-06-13","0.28","Standard (7-10 days)","4","35.07","1.00","",""
"A2FFC195-000024-000FC","Buyer036","Placeholder","136 Example St","","Springfield","FL","25084-0468","US","2026-06-13","0.21","Standard (7-10 days)","3","34.80","1.00","",""
"A2FFC195-000025-00103","Buyer037","Placeholder","137 Example St","","Springfield","RI","33003","US","2026-06-13","0.21","Standard (7-10 days)","3","13.39","1.00","",""
"A2FFC195-000026-0010A","Buyer038","Placeholder","138 Example St","","Springfield","TX","40922-0494","US","2026-06-13","0.14","Standard (7-10 days)","2","43.78","1.00","",""
"A2FFC195-000027-00111","Buyer039","Placeholder","139 Example St","","Springfield","CT","48841","US","2026-06-13","0.00","Standard (7-10 days)","1","249.99","0.00","",""
"A2FFC195-000028-00118","Buyer040","Placeholder","140 Example St","","Springfield","NJ","56760-0520","US","2026-06-13","0.14","Standard (7-10 days)","2","9.00","1.00","",""
"A2FFC195-000029-0011F","Buyer041","Placeholder","141 Example St","","Springfield","VA","64679-0533","US","2026-06-13","0.07","Standard (7-10 days)","1","24.82","1.00","",""
"A2FFC195-00002A-00126","Buyer042","Placeholder","142 Example St","","Springfield","TX","72598","US","2026-06-13","0.14","Standard (7-10 days)","2","9.18","1.00","",""
"A2FFC195-00002B-0012D","Buyer043","Placeholder","143 Example St","","Springfield","TX","80517-0559","US","2026-06-13","0.07","Standard (7-10 days)","1","18.50","1.00","",""
"A2FFC195-00002C-00134","Buyer044","Placeholder","144 Example St","","Springfield","MD","88436-0572","US","2026-06-13","0.07","Standard (7-10 days)","1","6.99","1.00","",""
"A2FFC195-00002D-0013B","Buyer045","Placeholder","145 Example St","","Springfield","CA","96355-0585","US","2026-06-13","0.07","Standard (7-10 days)","1","18.50","1.00","",""
"A2FFC195-00002E-00142","Buyer046","Placeholder","146 Example St","","Springfield","KY","14274-0598","US","2026-06-13","0.07","Standard (7-10 days)","1","25.89","1.00","",""
"A2FFC195-00002F-00149","Buyer047","Placeholder","147 Example St","","Springfield","PA","22193","US","2026-06-13","0.07","Standard (7-10 days)","1","5.00","1.00","",""
"A2FFC195-000030-00150","Buyer048","Placeholder","148 Example St","","Springfield","VA","30112","US","2026-06-13","0.07","Standard (7-10 days)","1","4.50","1.49","",""
"A2FFC195-000031-00157","Buyer049","Placeholder","149 Example St","","Springfield","WA","38031-0637","US","2026-06-14","0.07","Standard (7-10 days)","1","14.00","1.00","",""
"A2FFC195-000032-0015E","Buyer050","Placeholder","150 Example St","","Springfield","CA","45950","US","2026-06-14","0.28","Standard (7-10 days)","4","1.20","1.49","",""
"A2FFC195-000033-00165","Buyer051","Placeholder","151 Example St","","Springfield","NY","53869-0663","US","2026-06-14","0.84","Standard (7-10 days)","12","3.88","1.49","",""
"A2FFC195-000034-0016C","Buyer052","Placeholder","152 Example St","","Springfield","TX","61788","US","2026-06-14","0.28","Standard (7-10 days)","4","9.00","1.00","",""
"A2FFC195-000035-00173","Buyer053","Placeholder","153 Example St","","Springfield","AR","69707-0689","US","2026-06-14","0.28","Standard (7-10 days)","4","11.51","1.00","",""
"A2FFC195-000036-0017A","Buyer054","Placeholder","154 Example St","","Springfield","UT","77626-0702","US","2026-06-14","0.07","Standard (7-10 days)","1","6.68","1.00","",""
"A2FFC195-000037-00181","Buyer055","Placeholder","155 Example St","","Springfield","CA","85545-0715","US","2026-06-14","0.14","Standard (7-10 days)","2","8.37","1.00","",""
"A2FFC195-000038-00188","Buyer056","Placeholder","156 Example St","","Springfield","CA","93464-0728","US","2026-06-14","0.07","Standard (7-10 days)","1","23.49","1.00","",""
"A2FFC195-000039-0018F","Buyer057","Placeholder","157 Example St","","Springfield","TX","11383-0741","US","2026-06-14","0.07","Standard (7-10 days)","1","23.31","1.00","",""
"A2FFC195-00003A-00196","Buyer058","Placeholder","158 Example St","","Springfield","DE","19302","US","2026-06-14","0.21","Standard (7-10 days)","3","11.43","1.00","",""
"A2FFC195-00003B-0019D","Buyer059","Placeholder","159 Example St","","Springfield","WI","27221-0767","US","2026-06-14","0.07","Standard (7-10 days)","1","10.49","1.00","",""
"A2FFC195-00003C-001A4","Buyer060","Placeholder","160 Example St","","Springfield","TX","35140-0780","US","2026-06-14","0.35","Standard (7-10 days)","5","16.97","1.00","",""
"A2FFC195-00003D-001AB","Buyer061","Placeholder","161 Example St","","Springfield","CA","43059-0793","US","2026-06-14","0.07","Standard (7-10 days)","1","9.78","1.00","",""
"A2FFC195-00003E-001B2","Buyer062","Placeholder","162 Example St","","Springfield","MA","50978","US","2026-06-14","0.21","Standard (7-10 days)","3","14.97","1.00","",""
"A2FFC195-00003F-001B9","Buyer063","Placeholder","163 Example St","","Springfield","MS","58897-0819","US","2026-06-14","0.21","Standard (7-10 days)","3","7.17","1.00","",""
"A2FFC195-000040-001C0","Buyer064","Placeholder","164 Example St","","Springfield","FL","66816","US","2026-06-14","0.07","Standard (7-10 days)","1","8.38","1.00","",""
"A2FFC195-000041-001C7","Buyer065","Placeholder","165 Example St","","Springfield","GA","74735","US","2026-06-14","0.21","Standard (7-10 days)","3","20.49","1.00","",""
"A2FFC195-000042-001CE","Buyer066","Placeholder","166 Example St","","Springfield","LA","82654-0858","US","2026-06-14","0.35","Standard (7-10 days)","5","53.80","1.00","",""
"A2FFC195-000043-001D5","Buyer067","Placeholder","167 Example St","","Springfield","FL","90573-0871","US","2026-06-14","0.21","Standard (7-10 days)","3","12.15","1.00","",""
"A2FFC195-000044-001DC","Buyer068","Placeholder","168 Example St","","Springfield","CA","98492-0884","US","2026-06-14","0.07","Standard (7-10 days)","1","17.99","1.00","",""
"A2FFC195-000045-001E3","Buyer069","Placeholder","169 Example St","","Springfield","IL","16411","US","2026-06-14","0.07","Standard (7-10 days)","1","23.00","1.00","",""
"A2FFC195-000046-001EA","Buyer070","Placeholder","170 Example St","Unit 70","Springfield","NY","24330-0910","US","2026-06-14","0.21","Standard (7-10 days)","3","1.86","1.49","",""
"A2FFC195-000047-001F1","Buyer071","Placeholder","171 Example St","","Springfield","CA","32249","US","2026-06-14","0.07","Standard (7-10 days)","1","7.00","1.00","",""
"A2FFC195-000048-001F8","Buyer072","Placeholder","172 Example St","","Springfield","NC","40168-0936","US","2026-06-14","0.07","Standard (7-10 days)","1","18.89","1.00","",""
"A2FFC195-000049-001FF","Buyer073","Placeholder","173 Example St","","Springfield","TX","48087-0949","US","2026-06-14","0.21","Standard (7-10 days)","3","44.19","1.00","",""
"A2FFC195-00004A-00206","Buyer074","Placeholder","174 Example St","","Springfield","TX","56006-0962","US","2026-06-14","0.49","Standard (7-10 days)","7","23.10","1.00","",""
"A2FFC195-00004B-0020D","Buyer075","Placeholder","175 Example St","","Springfield","TX","63925-0975","US","2026-06-14","0.07","Standard (7-10 days)","1","9.20","1.00","",""
"A2FFC195-00004C-00214","Buyer076","Placeholder","176 Example St","","Springfield","CO","71844","US","2026-06-14","0.14","Standard (7-10 days)","2","23.47","1.00","",""
"A2FFC195-00004D-0021B","Buyer077","Placeholder","177 Example St","","Springfield","CT","79763-1001","US","2026-06-14","0.07","Standard (7-10 days)","1","5.29","1.00","",""
"A2FFC195-00004E-00222","Buyer078","Placeholder","178 Example St","","Springfield","CA","87682","US","2026-06-14","0.07","Standard (7-10 days)","1","23.00","1.00","",""
"A2FFC195-00004F-00229","Buyer079","Placeholder","179 Example St","","Springfield","TX","95601-1027","US","2026-06-14","0.07","Standard (7-10 days)","1","17.29","1.00","",""
"A2FFC195-000050-00230","Buyer080","Placeholder","180 Example St","","Springfield","CA","13520-1040","US","2026-06-14","0.21","Standard (7-10 days)","3","2.73","1.49","",""
"A2FFC195-000051-00237","Buyer081","Placeholder","181 Example St","","Springfield","CA","21439-1053","US","2026-06-14","0.14","Standard (7-10 days)","2","31.39","1.00","",""
"A2FFC195-000052-0023E","Buyer082","Placeholder","182 Example St","","Springfield","NV","29358-1066","US","2026-06-14","0.00","Standard (7-10 days)","1","249.99","0.00","",""
"A2FFC195-000053-00245","Buyer083","Placeholder","183 Example St","","Springfield","CA","37277-1079","US","2026-06-14","0.07","Standard (7-10 days)","1","10.49","1.00","",""
"A2FFC195-000054-0024C","Buyer084","Placeholder","184 Example St","","Springfield","SC","45196-1092","US","2026-06-14","1.47","Standard (7-10 days)","21","180.74","1.00","",""
"A2FFC195-000055-00253","Buyer085","Placeholder","185 Example St","","Springfield","TN","53115-1105","US","2026-06-14","0.07","Standard (7-10 days)","1","24.29","1.00","",""
"A2FFC195-000056-0025A","Buyer086","Placeholder","186 Example St","","Springfield","CA","61034-1118","US","2026-06-14","0.07","Standard (7-10 days)","1","33.00","1.00","",""
"A2FFC195-000057-00261","Buyer087","Placeholder","187 Example St","","Springfield","WA","68953-1131","US","2026-06-14","0.07","Standard (7-10 days)","1","22.00","1.00","",""
"A2FFC195-000058-00268","Buyer088","Placeholder","188 Example St","","Springfield","GA","76872-1144","US","2026-06-15","0.21","Standard (7-10 days)","3","2.25","1.49","",""
"A2FFC195-000059-0026F","Buyer089","Placeholder","189 Example St","","Springfield","OH","84791-1157","US","2026-06-15","0.00","Standard (7-10 days)","1","409.99","0.00","",""
"A2FFC195-00005A-00276","Buyer090","Placeholder","190 Example St","","Springfield","DC","92710-1170","US","2026-06-15","0.70","Standard (7-10 days)","10","22.28","1.00","",""
"A2FFC195-00005B-0027D","Buyer091","Placeholder","191 Example St","","Springfield","NJ","10629-1183","US","2026-06-15","0.07","Standard (7-10 days)","1","21.00","1.00","",""
"A2FFC195-00005C-00284","Buyer092","Placeholder","192 Example St","","Springfield","CA","18548-1196","US","2026-06-15","0.21","Standard (7-10 days)","3","31.47","1.00","",""
"A2FFC195-00005D-0028B","Buyer093","Placeholder","193 Example St","","Springfield","TX","26467-1209","US","2026-06-15","0.14","Standard (7-10 days)","2","1499.55","1.00","",""
"A2FFC195-00005E-00292","Buyer094","Placeholder","194 Example St","","Springfield","AZ","34386-1222","US","2026-06-15","0.07","Standard (7-10 days)","1","33.49","1.00","",""
"A2FFC195-00005F-00299","Buyer095","Placeholder","195 Example St","","Springfield","NJ","42305-1235","US","2026-06-15","0.14","Standard (7-10 days)","2","11.00","1.00","",""
"A2FFC195-000060-002A0","Buyer096","Placeholder","196 Example St","","Springfield","MD","50224-1248","US","2026-06-15","0.14","Standard (7-10 days)","2","46.60","1.00","",""
"A2FFC195-000061-002A7","Buyer097","Placeholder","197 Example St","","Springfield","PA","58143-1261","US","2026-06-15","0.07","Standard (7-10 days)","1","24.50","1.00","",""
"A2FFC195-000062-002AE","Buyer098","Placeholder","198 Example St","","Springfield","PA","66062-1274","US","2026-06-15","0.07","Standard (7-10 days)","1","7.20","1.00","",""
"A2FFC195-000063-002B5","Buyer099","Placeholder","199 Example St","","Springfield","NV","73981-1287","US","2026-06-15","0.70","Standard (7-10 days)","10","21.20","1.00","",""
"A2FFC195-000064-002BC","Buyer100","Placeholder","200 Example St","","Springfield","FL","81900-1300","US","2026-06-15","0.07","Standard (7-10 days)","1","9.50","1.00","",""
"A2FFC195-000065-002C3","Buyer101","Placeholder","201 Example St","","Springfield","OH","89819","US","2026-06-15","0.07","Standard (7-10 days)","1","48.89","1.00","",""
"A2FFC195-000066-002CA","Buyer102","Placeholder","202 Example St","","Springfield","OH","97738-1326","US","2026-06-15","0.70","Standard (7-10 days)","10","5.54","1.00","",""
"A2FFC195-000067-002D1","Buyer103","Placeholder","203 Example St","Unit 103","Springfield","GA","15657-1339","US","2026-06-15","0.07","Standard (7-10 days)","1","124.99","1.00","",""
"A2FFC195-000068-002D8","Buyer104","Placeholder","204 Example St","Unit 104","Springfield","IL","23576","US","2026-06-15","0.07","Standard (7-10 days)","1","22.99","1.00","",""
"A2FFC195-000069-002DF","Buyer105","Placeholder","205 Example St","Unit 105","Springfield","WA","31495-1365","US","2026-06-15","0.07","Standard (7-10 days)","1","220.00","1.00","",""
"A2FFC195-00006A-002E6","Buyer106","Placeholder","206 Example St","","Springfield","PA","39414-1378","US","2026-06-16","0.14","Standard (7-10 days)","2","42.00","1.00","",""
"A2FFC195-00006B-002ED","Buyer107","Placeholder","207 Example St","","Springfield","MD","47333","US","2026-06-16","0.07","Standard (7-10 days)","1","221.79","1.00","",""
"A2FFC195-00006C-002F4","Buyer108","Placeholder","208 Example St","","Springfield","NH","55252-1404","US","2026-06-16","0.28","Standard (7-10 days)","4","22.00","1.00","",""
"A2FFC195-00006D-002FB","Buyer109","Placeholder","209 Example St","","Springfield","TX","63171-1417","US","2026-06-16","0.07","Standard (7-10 days)","1","10.98","1.00","",""
"A2FFC195-00006E-00302","Buyer110","Placeholder","210 Example St","","Springfield","IA","71090-1430","US","2026-06-16","0.07","Standard (7-10 days)","1","22.99","1.00","",""
"A2FFC195-00006F-00309","Buyer111","Placeholder","211 Example St","","Springfield","FL","79009-1443","US","2026-06-16","0.21","Standard (7-10 days)","3","3.00","1.49","",""
"A2FFC195-000070-00310","Buyer112","Placeholder","212 Example St","","Springfield","MS","86928-1456","US","2026-06-16","0.28","Standard (7-10 days)","4","3.64","1.49","",""
"A2FFC195-000071-00317","Buyer113","Placeholder","213 Example St","","Springfield","VA","94847-1469","US","2026-06-16","0.07","Standard (7-10 days)","1","23.00","1.00","",""
"A2FFC195-000072-0031E","Buyer114","Placeholder","214 Example St","","Springfield","AL","12766-1482","US","2026-06-17","0.07","Standard (7-10 days)","1","13.19","1.00","",""
"A2FFC195-000073-00325","Buyer115","Placeholder","215 Example St","","Springfield","NJ","20685-1495","US","2026-06-17","0.00","Standard (7-10 days)","1","1499.99","0.00","",""
"A2FFC195-000074-0032C","Buyer116","Placeholder","216 Example St","","Springfield","TX","28604","US","2026-06-17","0.21","Standard (7-10 days)","3","16.47","1.00","",""
"A2FFC195-000075-00333","Buyer117","Placeholder","217 Example St","","Springfield","OR","36523-1521","US","2026-06-17","0.00","Standard (7-10 days)","1","249.99","0.00","",""
"A2FFC195-000076-0033A","Buyer118","Placeholder","218 Example St","","Springfield","WV","44442-1534","US","2026-06-17","0.07","Standard (7-10 days)","1","23.47","1.00","",""
"A2FFC195-000077-00341","Buyer119","Placeholder","219 Example St","","Springfield","CA","52361","US","2026-06-18","0.07","Standard (7-10 days)","1","23.47","1.00","",""
"A2FFC195-000078-00348","Buyer120","Placeholder","220 Example St","","Springfield","CA","60280","US","2026-06-18","0.00","Standard (7-10 days)","1","28.99","0.00","",""
"A2FFC195-000079-0034F","Buyer121","Placeholder","221 Example St","","Springfield","CA","68199","US","2026-06-18","0.00","Standard (7-10 days)","1","28.99","0.00","",""
"A2FFC195-00007A-00356","Buyer122","Placeholder","222 Example St","","Springfield","FL","76118-1586","US","2026-06-18","0.07","Standard (7-10 days)","1","12.99","1.00","",""
"A2FFC195-00007B-0035D","Buyer123","Placeholder","223 Example St","","Springfield","IA","84037","US","2026-06-19","0.07","Standard (7-10 days)","1","12.00","1.00","",""
"A2FFC195-00007C-00364","Buyer124","Placeholder","224 Example St","","Springfield","MO","91956-1612","US","2026-06-20","0.07","Standard (7-10 days)","1","113.99","1.00","",""
"A2FFC195-00007D-0036B","Buyer125","Placeholder","225 Example St","","Springfield","FL","99875-1625","US","2026-06-20","0.07","Standard (7-10 days)","1","12.99","1.00","",""
"A2FFC195-00007E-00372","Buyer126","Placeholder","226 Example St","","Springfield","SC","17794-1638","US","2026-06-20","0.14","Standard (7-10 days)","2","6.10","1.00","",""
"A2FFC195-00007F-00379","Buyer127","Placeholder","227 Example St","","Springfield","AL","25713-1651","US","2026-06-20","0.07","Standard (7-10 days)","1","532.00","1.00","",""
"A2FFC195-000080-00380","Buyer128","Placeholder","228 Example St","","Springfield","TX","33632-1664","US","2026-06-21","0.07","Standard (7-10 days)","1","38.00","1.00","",""
"A2FFC195-000081-00387","Buyer129","Placeholder","229 Example St","","Springfield","TX","41551-1677","US","2026-06-21","0.28","Standard (7-10 days)","4","52.68","1.00","",""
"A2FFC195-000082-0038E","Buyer130","Placeholder","230 Example St","","Springfield","WA","49470","US","2026-06-21","0.00","Standard (7-10 days)","1","86.99","0.00","",""
"A2FFC195-000083-00395","Buyer131","Placeholder","231 Example St","","Springfield","CA","57389-1703","US","2026-06-21","0.07","Standard (7-10 days)","1","22.41","1.00","",""
"A2FFC195-000084-0039C","Buyer132","Placeholder","232 Example St","","Springfield","MO","65308","US","2026-06-21","0.00","Standard (7-10 days)","1","274.99","0.00","",""
"A2FFC195-000085-003A3","Buyer133","Placeholder","233 Example St","","Springfield","IL","73227-1729","US","2026-06-22","0.07","Standard (7-10 days)","1","21.99","1.00","",""
"A2FFC195-000086-003AA","Buyer134","Placeholder","234 Example St","","Springfield","OR","81146-1742","US","2026-06-24","0.00","Standard (7-10 days)","12","75.00","0.00","",""
"A2FFC195-000087-003B1","Buyer135","Placeholder","235 Example St","","Springfield","NC","89065","US","2026-06-24","0.14","Standard (7-10 days)","2","11.00","1.00","",""
"A2FFC195-000088-003B8","Buyer136","Placeholder","236 Example St","","Springfield","IL","96984-1768","US","2026-06-24","0.28","Standard (7-10 days)","4","7.98","1.00","",""
"A2FFC195-000089-003BF","Buyer137","Placeholder","237 Example St","","Springfield","IA","14903","US","2026-06-24","0.07","Standard (7-10 days)","1","20.37","1.00","",""
"A2FFC195-00008A-003C6","Buyer138","Placeholder","238 Example St","","Springfield","MD","22822-1794","US","2026-06-24","0.00","Standard (7-10 days)","6","42.90","0.00","",""
"A2FFC195-00008B-003CD","Buyer139","Placeholder","239 Example St","","Springfield","MD","30741-1807","US","2026-06-24","0.00","Standard (7-10 days)","5","47.25","0.00","",""
"A2FFC195-00008C-003D4","Buyer140","Placeholder","240 Example St","","Springfield","CA","38660-1820","US","2026-06-25","0.00","Standard (7-10 days)","10","68.80","0.00","",""
"A2FFC195-00008D-003DB","Buyer141","Placeholder","241 Example St","","Springfield","NV","46579-1833","US","2026-06-25","0.00","Standard (7-10 days)","10","128.50","0.00","",""
"A2FFC195-00008E-003E2","Buyer142","Placeholder","242 Example St","Unit 142","Springfield","MI","54498-1846","US","2026-06-26","0.00","Standard (7-10 days)","2","171.98","0.00","",""
"A2FFC195-00008F-003E9","Buyer143","Placeholder","243 Example St","","Springfield","TN","62417-1859","US","2026-06-27","0.07","Standard (7-10 days)","1","6.63","1.00","",""
"A2FFC195-000090-003F0","Buyer144","Placeholder","244 Example St","","Springfield","NV","70336-1872","US","2026-06-28","0.07","Standard (7-10 days)","1","65.00","1.00","",""
"A2FFC195-000091-003F7","Buyer145","Placeholder","245 Example St","","Springfield","AZ","78255-1885","US","2026-06-29","0.00","Standard (7-10 days)","2","37.98","0.00","",""
"A2FFC195-000092-003FE","Buyer146","Placeholder","246 Example St","","Springfield","VA","86174","US","2026-06-29","0.00","Standard (7-10 days)","12","150.00","0.00","",""
"A2FFC195-000093-00405","Buyer147","Placeholder","247 Example St","","Springfield","MD","94093","US","2026-06-29","0.00","Standard (7-10 days)","6","76.14","0.00","",""
"A2FFC195-000094-0040C","Buyer148","Placeholder","248 Example St","","Springfield","IL","12012-1924","US","2026-07-01","0.21","Standard (7-10 days)","3","15.00","1.00","",""
"A2FFC195-000095-00413","Buyer149","Placeholder","249 Example St","","Springfield","FL","19931-1937","US","2026-07-01","0.00","Standard (7-10 days)","5","50.00","0.00","",""
"A2FFC195-000096-0041A","Buyer150","Placeholder","250 Example St","","Springfield","TX","27850-1950","US","2026-07-01","0.00","Standard (7-10 days)","4","43.00","0.00","",""
"A2FFC195-000097-00421","Buyer151","Placeholder","251 Example St","","Springfield","HI","35769-1963","US","2026-07-03","0.00","Standard (7-10 days)","1","289.99","0.00","",""
"A2FFC195-000098-00428","Buyer152","Placeholder","252 Example St","","Springfield","MI","43688","US","2026-07-05","0.00","Standard (7-10 days)","1","73.79","0.00","",""
"A2FFC195-000099-0042F","Buyer153","Placeholder","253 Example St","","Springfield","PA","51607-1989","US","2026-07-05","0.00","Standard (7-10 days)","1","73.79","0.00","",""
"A2FFC195-00009A-00436","Buyer154","Placeholder","254 Example St","","Springfield","VA","59526-2002","US","2026-07-05","0.00","Standard (7-10 days)","1","289.99","0.00","",""
"A2FFC195-00009B-0043D","Buyer155","Placeholder","255 Example St","","Springfield","SC","67445-2015","US","2026-07-05","0.00","Standard (7-10 days)","1","73.79","0.00","",""
"A2FFC195-00009C-00444","Buyer156","Placeholder","256 Example St","","Springfield","CA","75364-2028","US","2026-07-06","0.00","Standard (7-10 days)","1","73.79","0.00","",""
"A2FFC195-00009D-0044B","Buyer157","Placeholder","257 Example St","","Springfield","NH","83283-2041","US","2026-07-07","0.00","Standard (7-10 days)","1","73.79","0.00","",""
"A2FFC195-00009E-00452","Buyer158","Placeholder","258 Example St","","Springfield","MI","91202-2054","US","2026-07-07","0.00","Standard (7-10 days)","1","29.89","0.00","",""
"A2FFC195-00009F-00459","Buyer159","Placeholder","259 Example St","","Springfield","NC","99121-2067","US","2026-07-08","0.00","Standard (7-10 days)","1","73.79","0.00","",""
"A2FFC195-0000A0-00460","Buyer160","Placeholder","260 Example St","","Springfield","MA","17040-2080","US","2026-07-15","0.07","Standard (7-10 days)","1","1694.99","1.00","",""
"A2FFC195-0000A1-00467","Buyer161","Placeholder","261 Example St","","Springfield","UT","24959-2093","US","2026-07-18","0.00","Standard (7-10 days)","7","79.03","0.00","",""
"A2FFC195-0000A2-0046E","Buyer162","Placeholder","262 Example St","","Springfield","IL","32878-2106","US","2026-07-20","0.00","Standard (7-10 days)","1","29.74","0.00","",""
"A2FFC195-0000A3-00475","Buyer163","Placeholder","263 Example St","","Springfield","IN","40797-2119","US","2026-07-20","0.00","Standard (7-10 days)","8","98.32","0.00","",""
"A2FFC195-0000A4-0047C","Buyer164","Placeholder","264 Example St","","Springfield","CA","48716-2132","US","2026-07-20","0.00","Standard (7-10 days)","4","49.16","0.00","",""
"A2FFC195-0000A5-00483","Buyer165","Placeholder","265 Example St","","Springfield","TN","56635","US","2026-07-21","0.00","Standard (7-10 days)","5","134.95","0.00","",""
"A2FFC195-0000A6-0048A","Buyer166","Placeholder","266 Example St","","Springfield","VA","64554-2158","US","2026-07-21","0.07","Standard (7-10 days)","1","37.99","1.00","",""
"A2FFC195-0000A7-00491","Buyer167","Placeholder","267 Example St","","Springfield","CA","72473-2171","US","2026-07-22","0.00","Standard (7-10 days)","8","215.92","0.00","",""
"A2FFC195-0000A8-00498","Buyer168","Placeholder","268 Example St","","Springfield","CT","80392","US","2026-07-25","0.21","Standard (7-10 days)","3","24.00","1.00","",""
"A2FFC195-0000A9-0049F","Buyer169","Placeholder","269 Example St","","Springfield","CA","88311-2197","US","2026-07-25","0.14","Standard (7-10 days)","2","10.98","1.00","",""
"A2FFC195-0000AA-004A6","Buyer170","Placeholder","270 Example St","","Springfield","VA","96230-2210","US","2026-07-25","0.14","Standard (7-10 days)","2","16.00","1.00","",""
"A2FFC195-0000AB-004AD","Buyer171","Placeholder","271 Example St","","Springfield","CA","14149-2223","US","2026-07-25","0.07","Standard (7-10 days)","1","8.00","1.00","",""
"A2FFC195-0000AC-004B4","Buyer172","Placeholder","272 Example St","","Springfield","CO","22068-2236","US","2026-07-25","0.42","Standard (7-10 days)","6","4.20","1.49","",""
"A2FFC195-0000AD-004BB","Buyer173","Placeholder","273 Example St","","Springfield","FL","29987-2249","US","2026-07-25","0.07","Standard (7-10 days)","1","7.40","1.00","",""
"A2FFC195-0000AE-004C2","Buyer174","Placeholder","274 Example St","","Springfield","FL","37906","US","2026-07-25","0.42","Standard (7-10 days)","6","30.90","1.00","",""
"A2FFC195-0000AF-004C9","Buyer175","Placeholder","275 Example St","","Springfield","AZ","45825-2275","US","2026-07-25","0.35","Standard (7-10 days)","5","2.90","1.49","",""
"A2FFC195-0000B0-004D0","Buyer176","Placeholder","276 Example St","","Springfield","VA","53744-2288","US","2026-07-25","0.42","Standard (7-10 days)","6","8.70","1.00","",""
"A2FFC195-0000B1-004D7","Buyer177","Placeholder","277 Example St","","Springfield","ID","61663-2301","US","2026-07-25","0.70","Standard (7-10 days)","10","9.28","1.00","",""
"A2FFC195-0000B2-004DE","Buyer178","Placeholder","278 Example St","","Springfield","NC","69582-2314","US","2026-07-25","0.21","Standard (7-10 days)","3","6.75","1.00","",""
"A2FFC195-0000B3-004E5","Buyer179","Placeholder","279 Example St","","Springfield","VA","77501-2327","US","2026-07-26","0.35","Standard (7-10 days)","5","5.50","1.00","",""
"A2FFC195-0000B4-004EC","Buyer180","Placeholder","280 Example St","","Springfield","PA","85420-2340","US","2026-07-26","0.21","Standard (7-10 days)","3","6.00","1.00","",""
"A2FFC195-0000B5-004F3","Buyer181","Placeholder","281 Example St","","Springfield","IN","93339-2353","US","2026-07-26","0.28","Standard (7-10 days)","4","9.30","1.00","",""
"A2FFC195-0000B6-004FA","Buyer182","Placeholder","282 Example St","","Springfield","NY","11258","US","2026-07-26","0.00","Standard (7-10 days)","6","67.74","0.00","",""
"A2FFC195-0000B7-00501","Buyer183","Placeholder","283 Example St","","Springfield","CA","19177","US","2026-07-26","0.07","Standard (7-10 days)","1","0.65","1.49","",""
"A2FFC195-0000B8-00508","Buyer184","Placeholder","284 Example St","","Springfield","MA","27096","US","2026-07-26","0.35","Standard (7-10 days)","5","8.50","1.00","",""
"A2FFC195-0000B9-0050F","Buyer185","Placeholder","285 Example St","","Springfield","PA","35015-2405","US","2026-07-26","2.50","Standard (7-10 days)","1","41.88","0.00","",""
"A2FFC195-0000BA-00516","Buyer186","Placeholder","286 Example St","","Springfield","FL","42934-2418","US","2026-07-26","0.00","Standard (7-10 days)","1","29.50","0.00","",""
"A2FFC195-0000BB-0051D","Buyer187","Placeholder","287 Example St","","Springfield","GA","50853","US","2026-07-26","0.00","Standard (7-10 days)","5","65.16","0.00","",""
"A2FFC195-0000BC-00524","Buyer188","Placeholder","288 Example St","","Springfield","NC","58772","US","2026-07-27","0.42","Standard (7-10 days)","6","2.88","1.49","",""
"A2FFC195-0000BD-0052B","Buyer189","Placeholder","289 Example St","","Springfield","MN","66691-2457","US","2026-07-27","0.00","Standard (7-10 days)","10","140.00","0.00","",""
"A2FFC195-0000BE-00532","Buyer190","Placeholder","290 Example St","","Springfield","TX","74610-2470","US","2026-07-27","45.14","Standard (7-10 days)","20","146.78","0.00","",""
"A2FFC195-0000BF-00539","Buyer191","Placeholder","291 Example St","","Springfield","NC","82529-2483","US","2026-07-27","0.42","Standard (7-10 days)","6","3.00","1.49","",""
"A2FFC195-0000C0-00540","Buyer192","Placeholder","292 Example St","","Springfield","CT","90448","US","2026-07-27","0.35","Standard (7-10 days)","5","1.75","1.49","",""
"A2FFC195-0000C1-00547","Buyer193","Placeholder","293 Example St","","Springfield","AZ","98367-2509","US","2026-07-27","0.35","Standard (7-10 days)","5","3.09","1.49","",""
"A2FFC195-0000C2-0054E","Buyer194","Placeholder","294 Example St","Unit 194","Springfield","TX","16286","US","2026-07-27","0.63","Standard (7-10 days)","9","3.73","1.49","",""
"A2FFC195-0000C3-00555","Buyer195","Placeholder","295 Example St","Unit 195","Springfield","MN","24205","US","2026-07-28","0.35","Standard (7-10 days)","5","1.75","1.49","",""
"A2FFC195-0000C4-0055C","Buyer196","Placeholder","296 Example St","","Springfield","GA","32124-2548","US","2026-07-28","20.00","Standard (7-10 days)","8","57.12","0.00","",""
"A2FFC195-0000C5-00563","Buyer197","Placeholder","297 Example St","","Springfield","UT","40043-2561","US","2026-07-28","20.00","Standard (7-10 days)","8","51.92","0.00","",""
"A2FFC195-0000C6-0056A","Buyer198","Placeholder","298 Example St","","Springfield","PA","47962","US","2026-07-28","0.21","Standard (7-10 days)","3","0.75","1.49","",""
"A2FFC195-0000C7-00571","Buyer199","Placeholder","299 Example St","","Springfield","OR","55881-2587","US","2026-07-28","0.00","Standard (7-10 days)","2","28.00","0.00","",""
"A2FFC195-0000C8-00578","Buyer200","Placeholder","300 Example St","","Springfield","NM","63800-2600","US","2026-07-29","0.14","Standard (7-10 days)","2","48.47","1.00","",""
"A2FFC195-0000C9-0057F","Buyer201","Placeholder","301 Example St","","Springfield","NC","71719-2613","US","2026-07-29","7.50","Standard (7-10 days)","3","19.47","0.00","",""
"A2FFC195-0000CA-00586","Buyer202","Placeholder","302 Example St","","Springfield","KY","79638-2626","US","2026-07-29","0.21","Standard (7-10 days)","3","0.75","1.49","",""
"A2FFC195-0000CB-0058D","Buyer203","Placeholder","303 Example St","","Springfield","CA","87557-2639","US","2026-07-30","32.50","Standard (7-10 days)","13","103.35","0.00","",""
"A2FFC195-0000CC-00594","Buyer204","Placeholder","304 Example St","","Springfield","UT","95476-2652","US","2026-07-30","0.00","Standard (7-10 days)","10","92.50","0.00","",""
"A2FFC195-0000CD-0059B","Buyer205","Placeholder","305 Example St","","Springfield","PR","13395","US","2026-07-31","0.28","Standard (7-10 days)","4","12.00","1.00","",""
"A2FFC195-0000CE-005A2","Buyer206","Placeholder","306 Example St","","Springfield","CT","21314-2678","US","2026-07-31","57.50","Standard (7-10 days)","43","476.00","0.00","",""
"A2FFC195-0000CF-005A9","Buyer207","Placeholder","307 Example St","Unit 207","Springfield","MA","29233","US","2026-07-31","0.14","Standard (7-10 days)","2","1.00","1.49","",""
"A2FFC195-0000D0-005B0","Buyer208","Placeholder","308 Example St","","Springfield","GA","37152-2704","US","2026-08-01","2.50","Standard (7-10 days)","1","31.99","0.00","",""
"A2FFC195-0000D1-005B7","Buyer209","Placeholder","309 Example St","","Springfield","WI","45071-2717","US","2026-08-02","0.28","Standard (7-10 days)","4","26.90","1.00","",""
"A2FFC195-0000D2-005BE","Buyer210","Placeholder","310 Example St","","Springfield","FL","52990-2730","US","2026-08-02","0.35","Standard (7-10 days)","5","18.75","1.00","",""
"A2FFC195-0000D3-005C5","Buyer211","Placeholder","311 Example St","Unit 211","Springfield","NY","60909","US","2026-08-02","0.07","Standard (7-10 days)","1","48.99","1.00","",""
"A2FFC195-0000D4-005CC","Buyer212","Placeholder","312 Example St","","Springfield","WA","68828","US","2026-08-02","0.07","Standard (7-10 days)","1","26.50","1.00","",""
"A2FFC195-0000D5-005D3","Buyer213","Placeholder","313 Example St","","Springfield","CA","76747-2769","US","2026-08-02","0.07","Standard (7-10 days)","1","23.80","1.00","",""
"A2FFC195-0000D6-005DA","Buyer214","Placeholder","314 Example St","","Springfield","WA","84666-2782","US","2026-08-02","0.14","Standard (7-10 days)","2","27.88","1.00","",""
"A2FFC195-0000D7-005E1","Buyer215","Placeholder","315 Example St","","Springfield","TX","92585-2795","US","2026-08-02","0.14","Standard (7-10 days)","2","33.85","1.00","",""
"A2FFC195-0000D8-005E8","Buyer216","Placeholder","316 Example St","","Springfield","AR","10504","US","2026-08-02","20.00","Standard (7-10 days)","8","63.92","0.00","",""
"A2FFC195-0000D9-005EF","Buyer217","Placeholder","317 Example St","","Springfield","FL","18423","US","2026-08-02","0.42","Standard (7-10 days)","6","1.80","1.49","",""
"A2FFC195-0000DA-005F6","Buyer218","Placeholder","318 Example St","","Springfield","NY","26342-2834","US","2026-08-02","0.07","Standard (7-10 days)","1","28.79","1.00","",""
"A2FFC195-0000DB-005FD","Buyer219","Placeholder","319 Example St","","Springfield","MI","34261-2847","US","2026-08-02","2.50","Standard (7-10 days)","1","31.99","0.00","",""
"A2FFC195-0000DC-00604","Buyer220","Placeholder","320 Example St","","Springfield","OR","42180","US","2026-08-02","0.28","Standard (7-10 days)","4","30.60","1.00","",""
"A2FFC195-0000DD-0060B","Buyer221","Placeholder","321 Example St","","Springfield","MI","50099-2873","US","2026-08-02","0.07","Standard (7-10 days)","1","14.00","1.00","",""
"A2FFC195-0000DE-00612","Buyer222","Placeholder","322 Example St","","Springfield","NJ","58018","US","2026-08-02","0.07","Standard (7-10 days)","1","8.25","1.00","",""
"A2FFC195-0000DF-00619","Buyer223","Placeholder","323 Example St","","Springfield","WA","65937-2899","US","2026-08-02","0.07","Standard (7-10 days)","1","9.00","1.00","",""
"A2FFC195-0000E0-00620","Buyer224","Placeholder","324 Example St","","Springfield","MO","73856-2912","US","2026-08-02","0.07","Standard (7-10 days)","1","10.15","1.00","",""
"A2FFC195-0000E1-00627","Buyer225","Placeholder","325 Example St","","Springfield","TN","81775-2925","US","2026-08-03","0.14","Standard (7-10 days)","2","46.18","1.00","",""
"A2FFC195-0000E2-0062E","Buyer226","Placeholder","326 Example St","","Springfield","WA","89694-2938","US","2026-08-03","0.00","Standard (7-10 days)","1","18.99","0.00","",""
"A2FFC195-0000E3-00635","Buyer227","Placeholder","327 Example St","","Springfield","AZ","97613","US","2026-08-03","0.00","Standard (7-10 days)","2","14.20","0.00","",""
"A2FFC195-0000E4-0063C","Buyer228","Placeholder","328 Example St","Unit 228","Springfield","FL","15532","US","2026-08-03","0.07","Standard (7-10 days)","1","27.60","1.00","",""
"A2FFC195-0000E5-00643","Buyer229","Placeholder","329 Example St","","Springfield","CA","23451-2977","US","2026-08-03","0.28","Standard (7-10 days)","4","1.40","1.49","",""
"A2FFC195-0000E6-0064A","Buyer230","Placeholder","330 Example St","","Springfield","CA","31370-2990","US","2026-08-03","20.00","Standard (7-10 days)","8","63.92","0.00","",""
"A2FFC195-0000E7-00651","Buyer231","Placeholder","331 Example St","","Springfield","VA","39289-3003","US","2026-08-03","2.50","Standard (7-10 days)","1","31.99","0.00","",""
"A2FFC195-0000E8-00658","Buyer232","Placeholder","332 Example St","","Springfield","NY","47208-3016","US","2026-08-03","0.00","Standard (7-10 days)","1","18.99","0.00","",""
"A2FFC195-0000E9-0065F","Buyer233","Placeholder","333 Example St","Unit 233","Springfield","NY","55127","US","2026-08-04","0.00","Standard (7-10 days)","1","18.99","0.00","",""
"A2FFC195-0000EA-00666","Buyer234","Placeholder","334 Example St","","Springfield","IN","63046-3042","US","2026-08-04","2.50","Standard (7-10 days)","1","31.99","0.00","",""
"A2FFC195-0000EB-0066D","Buyer235","Placeholder","335 Example St","","Springfield","MO","70965-3055","US","2026-08-04","0.21","Standard (7-10 days)","3","1.59","1.49","",""
"A2FFC195-0000EC-00674","Buyer236","Placeholder","336 Example St","Unit 236","Springfield","MN","78884","US","2026-08-05","0.28","Standard (7-10 days)","4","11.50","1.00","",""
"A2FFC195-0000ED-0067B","Buyer237","Placeholder","337 Example St","","Springfield","TN","86803","US","2026-08-05","0.07","Standard (7-10 days)","1","10.45","1.00","",""
"A2FFC195-0000EE-00682","Buyer238","Placeholder","338 Example St","","Springfield","TX","94722","US","2026-08-05","0.00","Standard (7-10 days)","2","29.58","0.00","",""
"A2FFC195-0000EF-00689","Buyer239","Placeholder","339 Example St","","Springfield","CO","12641-3107","US","2026-08-05","0.21","Standard (7-10 days)","3","45.87","1.00","",""
"A2FFC195-0000F0-00690","Buyer240","Placeholder","340 Example St","","Springfield","FL","20560","US","2026-08-05","0.00","Standard (7-10 days)","10","147.90","0.00","",""
"A2FFC195-0000F1-00697","Buyer241","Placeholder","341 Example St","","Springfield","TX","28479","US","2026-08-05","0.00","Standard (7-10 days)","1","34.00","0.00","",""
"A2FFC195-0000F2-0069E","Buyer242","Placeholder","342 Example St","","Springfield","KY","36398-3146","US","2026-08-05","0.00","Standard (7-10 days)","8","118.32","0.00","",""
"A2FFC195-0000F3-006A5","Buyer243","Placeholder","343 Example St","","Springfield","NC","44317-3159","US","2026-08-06","0.00","Standard (7-10 days)","1","34.00","0.00","",""
"A2FFC195-0000F4-006AC","Buyer244","Placeholder","344 Example St","","Springfield","WA","52236-3172","US","2026-08-06","0.00","Standard (7-10 days)","1","1750.00","0.00","",""
"A2FFC195-0000F5-006B3","Buyer245","Placeholder","345 Example St","","Springfield","UT","60155-3185","US","2026-08-07","0.00","Standard (7-10 days)","1","34.00","0.00","",""
"A2FFC195-0000F6-006BA","Buyer246","Placeholder","346 Example St","","Springfield","CA","68074-3198","US","2026-08-08","2.50","Standard (7-10 days)","1","31.99","0.00","",""
"A2FFC195-0000F7-006C1","Buyer247","Placeholder","347 Example St","","Springfield","OR","75993","US","2026-08-08","0.07","Standard (7-10 days)","1","20.50","1.00","",""
"A2FFC195-0000F8-006C8","Buyer248","Placeholder","348 Example St","","Springfield","NM","83912-3224","US","2026-08-08","2.50","Standard (7-10 days)","1","31.99","0.00","",""
"A2FFC195-0000F9-006CF","Buyer249","Placeholder","349 Example St","","Springfield","PR","91831","US","2026-08-09","0.14","Standard (7-10 days)","2","0.90","1.49","",""
"A2FFC195-0000FA-006D6","Buyer250","Placeholder","350 Example St","","Springfield","OH","99750","US","2026-08-09","0.00","Standard (7-10 days)","6","54.00","0.00","",""
"A2FFC195-0000FB-006DD","Buyer251","Placeholder","351 Example St","","Springfield","TX","17669-3263","US","2026-08-09","0.42","Standard (7-10 days)","6","31.43","1.00","",""
"A2FFC195-0000FC-006E4","Buyer252","Placeholder","352 Example St","","Springfield","MA","25588-3276","US","2026-08-09","2.50","Standard (7-10 days)","1","31.99","0.00","",""
"A2FFC195-0000FD-006EB","Buyer253","Placeholder","353 Example St","Unit 253","Springfield","VA","33507","US","2026-08-10","0.21","Standard (7-10 days)","3","0.90","1.49","",""
"A2FFC195-0000FE-006F2","Buyer254","Placeholder","354 Example St","Unit 254","Springfield","NJ","41426-3302","US","2026-08-12","0.00","Standard (7-10 days)","1","305.00","0.00","",""
"A2FFC195-0000FF-006F9","Buyer255","Placeholder","355 Example St","","Springfield","MO","49345-3315","US","2026-08-12","0.00","Standard (7-10 days)","1","305.00","0.00","",""
"A2FFC195-000100-00700","Buyer256","Placeholder","356 Example St","","Springfield","NJ","57264","US","2026-08-12","0.00","Standard (7-10 days)","1","305.00","0.00","",""
"A2FFC195-000101-00707","Buyer257","Placeholder","357 Example St","","Springfield","MA","65183","US","2026-08-12","20.00","Standard (7-10 days)","8","76.00","0.00","",""
"A2FFC195-000102-0070E","Buyer258","Placeholder","358 Example St","","Springfield","CA","73102","US","2026-08-12","0.00","Standard (7-10 days)","3","54.38","0.00","",""
"A2FFC195-000103-00715","Buyer259","Placeholder","359 Example St","","Springfield","MI","81021-3367","US","2026-08-13","0.00","Standard (7-10 days)","1","33.49","0.00","",""
"A2FFC195-000104-0071C","Buyer260","Placeholder","360 Example St","","Springfield","WA","88940","US","2026-08-14","30.00","Standard (7-10 days)","12","81.48","0.00","",""
"A2FFC195-000105-00723","Buyer261","Placeholder","361 Example St","","Springfield","TX","96859-3393","US","2026-08-15","0.00","Standard (7-10 days)","1","16.99","0.00","",""
"A2FFC195-000106-0072A","Buyer262","Placeholder","362 Example St","","Springfield","MS","14778-3406","US","2026-08-15","0.21","Standard (7-10 days)","3","6.00","1.00","",""
"A2FFC195-000107-00731","Buyer263","Placeholder","363 Example St","","Springfield","TN","22697-3419","US","2026-08-16","0.00","Standard (7-10 days)","1","33.49","0.00","",""
"A2FFC195-000108-00738","Buyer264","Placeholder","364 Example St","","Springfield","CO","30616-3432","US","2026-08-16","20.00","Standard (7-10 days)","8","76.00","0.00","",""
"A2FFC195-000109-0073F","Buyer265","Placeholder","365 Example St","","Springfield","AR","38535-3445","US","2026-08-17","2.57","Standard (7-10 days)","2","9.81","0.00","",""
"A2FFC195-00010A-00746","Buyer266","Placeholder","366 Example St","","Springfield","CA","46454-3458","US","2026-08-17","0.07","Standard (7-10 days)","1","499.00","1.00","",""
"A2FFC195-00010B-0074D","Buyer267","Placeholder","367 Example St","","Springfield","NJ","54373-3471","US","2026-08-17","0.00","Standard (7-10 days)","1","20.49","0.00","",""
"A2FFC195-00010C-00754","Buyer268","Placeholder","368 Example St","","Springfield","MO","62292","US","2026-08-17","2.50","Standard (7-10 days)","1","31.49","0.00","",""
"A2FFC195-00010D-0075B","Buyer269","Placeholder","369 Example St","","Springfield","MI","70211-3497","US","2026-08-18","0.00","Standard (7-10 days)","1","400.00","0.00","",""
"A2FFC195-00010E-00762","Buyer270","Placeholder","370 Example St","","Springfield","MI","78130-3510","US","2026-08-18","0.00","Standard (7-10 days)","1","304.00","0.00","",""
"A2FFC195-00010F-00769","Buyer271","Placeholder","371 Example St","","Springfield","NJ","86049-3523","US","2026-08-18","0.00","Standard (7-10 days)","1","304.00","0.00","",""
"A2FFC195-000110-00770","Buyer272","Placeholder","372 Example St","","Springfield","CA","93968","US","2026-08-18","0.00","Standard (7-10 days)","1","304.00","0.00","",""
"A2FFC195-000111-00777","Buyer273","Placeholder","373 Example St","","Springfield","FL","11887-3549","US","2026-08-20","0.00","Standard (7-10 days)","1","39.99","0.00","",""
"A2FFC195-000112-0077E","Buyer274","Placeholder","374 Example St","Unit 274","Springfield","PA","19806-3562","US","2026-08-20","0.00","Standard (7-10 days)","1","28.89","0.00","",""
"A2FFC195-000113-00785","Buyer275","Placeholder","375 Example St","","Springfield","MD","27725-3575","US","2026-08-20","0.00","Standard (7-10 days)","1","16.99","0.00","",""
"A2FFC195-000114-0078C","Buyer276","Placeholder","376 Example St","","Springfield","TX","35644-3588","US","2026-08-21","0.00","Standard (7-10 days)","1","39.99","0.00","",""
"A2FFC195-000115-00793","Buyer277","Placeholder","377 Example St","","Springfield","NY","43563-3601","US","2026-08-21","35.00","Standard (7-10 days)","14","97.30","0.00","",""
"A2FFC195-000116-0079A","Buyer278","Placeholder","378 Example St","","Springfield","OH","51482-3614","US","2026-08-22","10.00","Standard (7-10 days)","4","27.80","0.00","",""
"A2FFC195-000117-007A1","Buyer279","Placeholder","379 Example St","Unit 279","Springfield","FL","59401-3627","US","2026-08-22","0.00","Standard (7-10 days)","1","39.99","0.00","",""
"A2FFC195-000118-007A8","Buyer280","Placeholder","380 Example St","","Springfield","ID","67320","US","2026-08-22","0.00","Standard (7-10 days)","1","28.89","0.00","",""
"A2FFC195-000119-007AF","Buyer281","Placeholder","381 Example St","Unit 281","Springfield","CA","75239","US","2026-08-23","0.00","Standard (7-10 days)","1","33.49","0.00","",""
"A2FFC195-00011A-007B6","Buyer282","Placeholder","382 Example St","","Springfield","NC","83158-3666","US","2026-08-23","0.00","Standard (7-10 days)","1","39.99","0.00","",""
"A2FFC195-00011B-007BD","Buyer283","Placeholder","383 Example St","","Springfield","VA","91077-3679","US","2026-08-23","2.50","Standard (7-10 days)","1","224.99","0.00","",""
"A2FFC195-00011C-007C4","Buyer284","Placeholder","384 Example St","","Springfield","MA","98996-3692","US","2026-08-23","2.50","Standard (7-10 days)","1","224.99","0.00","",""
"A2FFC195-00011D-007CB","Buyer285","Placeholder","385 Example St","","Springfield","MA","16915","US","2026-08-23","2.50","Standard (7-10 days)","1","224.99","0.00","",""
"A2FFC195-00011E-007D2","Buyer286","Placeholder","386 Example St","","Springfield","KY","24834","US","2026-08-23","2.50","Standard (7-10 days)","1","160.00","0.00","",""
"A2FFC195-00011F-007D9","Buyer287","Placeholder","387 Example St","","Springfield","MO","32753-3731","US","2026-08-23","2.50","Standard (7-10 days)","1","227.99","0.00","",""
"A2FFC195-000120-007E0","Buyer288","Placeholder","388 Example St","Unit 288","Springfield","MI","40672","US","2026-08-23","0.00","Standard (7-10 days)","1","39.99","0.00","",""
"A2FFC195-000121-007E7","Buyer289","Placeholder","389 Example St","","Springfield","CA","48591-3757","US","2026-08-23","5.00","Standard (7-10 days)","2","455.98","0.00","",""
"A2FFC195-000122-007EE","Buyer290","Placeholder","390 Example St","","Springfield","TX","56510-3770","US","2026-08-24","0.00","Standard (7-10 days)","1","39.99","0.00","",""
"A2FFC195-000123-007F5","Buyer291","Placeholder","391 Example St","","Springfield","NY","64429-3783","US","2026-08-24","2.50","Standard (7-10 days)","1","222.99","0.00","",""
"A2FFC195-000124-007FC","Buyer292","Placeholder","392 Example St","","Springfield","NC","72348-3796","US","2026-08-24","5.00","Standard (7-10 days)","2","445.98","0.00","",""
"A2FFC195-000125-00803","Buyer293","Placeholder","393 Example St","","Springfield","CO","80267","US","2026-08-24","2.50","Standard (7-10 days)","1","222.99","0.00","",""
"A2FFC195-000126-0080A","Buyer294","Placeholder","394 Example St","","Springfield","CA","88186-3822","US","2026-08-24","0.07","Standard (7-10 days)","1","100.00","1.00","",""
"A2FFC195-000127-00811","Buyer295","Placeholder","395 Example St","","Springfield","MN","96105-3835","US","2026-08-24","0.00","Standard (7-10 days)","1","37.99","0.00","",""
"A2FFC195-000128-00818","Buyer296","Placeholder","396 Example St","","Springfield","CA","14024-3848","US","2026-08-25","2.50","Standard (7-10 days)","1","167.45","0.00","",""
"A2FFC195-000129-0081F","Buyer297","Placeholder","397 Example St","","Springfield","CA","21943-3861","US","2026-08-25","2.50","Standard (7-10 days)","1","167.45","0.00","",""
"A2FFC195-00012A-00826","Buyer298","Placeholder","398 Example St","","Springfield","AL","29862-3874","US","2026-08-25","0.07","Standard (7-10 days)","1","97.99","1.00","",""
"A2FFC195-00012B-0082D","Buyer299","Placeholder","399 Example St","","Springfield","MD","37781-3887","US","2026-08-25","2.50","Standard (7-10 days)","1","169.99","0.00","",""
"A2FFC195-00012C-00834","Buyer300","Placeholder","400 Example St","","Springfield","IL","45700-3900","US","2026-08-26","2.50","Standard (7-10 days)","1","169.99","0.00","",""
"A2FFC195-00012D-0083B","Buyer301","Placeholder","401 Example St","","Springfield","NH","53619","US","2026-08-26","2.50","Standard (7-10 days)","1","175.00","0.00","",""
"A2FFC195-00012E-00842","Buyer302","Placeholder","402 Example St","","Springfield","NY","61538","US","2026-08-26","0.07","Standard (7-10 days)","1","95.99","1.00","",""
"A2FFC195-00012F-00849","Buyer303","Placeholder","403 Example St","","Springfield","CA","69457-3939","US","2026-08-26","0.00","Standard (7-10 days)","1","39.99","0.00","",""
"A2FFC195-000130-00850","Buyer304","Placeholder","404 Example St","","Springfield","TN","77376-3952","US","2026-08-27","0.00","Standard (7-10 days)","3","255.00","0.00","",""
"A2FFC195-000131-00857","Buyer305","Placeholder","405 Example St","","Springfield","MN","85295-3965","US","2026-08-27","2.50","Standard (7-10 days)","1","28.75","0.00","",""
"A2FFC195-000132-0085E","Buyer306","Placeholder","406 Example St","","Springfield","IN","93214-3978","US","2026-08-27","2.50","Standard (7-10 days)","1","164.99","0.00","",""
"A2FFC195-000133-00865","Buyer307","Placeholder","407 Example St","Unit 307","Springfield","NY","11133","US","2026-08-27","2.50","Standard (7-10 days)","1","180.00","0.00","",""
"A2FFC195-000134-0086C","Buyer308","Placeholder","408 Example St","","Springfield","WA","19052-4004","US","2026-08-27","0.00","Standard (7-10 days)","1","28.75","0.00","",""
"A2FFC195-000135-00873","Buyer309","Placeholder","409 Example St","","Springfield","NJ","26971-4017","US","2026-08-28","2.50","Standard (7-10 days)","1","165.99","0.00","",""
"A2FFC195-000136-0087A","Buyer310","Placeholder","410 Example St","","Springfield","AZ","34890-4030","US","2026-08-28","2.50","Standard (7-10 days)","1","28.75","0.00","",""
"A2FFC195-000137-00881","Buyer311","Placeholder","411 Example St","","Springfield","TX","42809-4043","US","2026-08-28","0.07","Standard (7-10 days)","1","94.49","1.00","",""
"A2FFC195-000138-00888","Buyer312","Placeholder","412 Example St","","Springfield","NY","50728-4056","US","2026-08-28","0.42","Standard (7-10 days)","6","253.05","1.00","",""
"A2FFC195-000139-0088F","Buyer313","Placeholder","413 Example St","","Springfield","PA","58647-4069","US","2026-08-29","0.00","Standard (7-10 days)","1","28.75","0.00","",""
"A2FFC195-00013A-00896","Buyer314","Placeholder","414 Example St","","Springfield","CA","66566-4082","US","2026-08-29","2.50","Standard (7-10 days)","1","159.99","0.00","",""
"A2FFC195-00013B-0089D","Buyer315","Placeholder","415 Example St","","Springfield","AK","74485","US","2026-08-29","0.07","Standard (7-10 days)","1","99.00","1.00","",""
"A2FFC195-00013C-008A4","Buyer316","Placeholder","416 Example St","","Springfield","WA","82404-4108","US","2026-08-29","20.00","Standard (7-10 days)","8","80.00","0.00","",""
"A2FFC195-00013D-008AB","Buyer317","Placeholder","417 Example St","","Springfield","NY","90323-4121","US","2026-08-29","2.50","Standard (7-10 days)","1","159.99","0.00","",""
"A2FFC195-00013E-008B2","Buyer318","Placeholder","418 Example St","","Springfield","NJ","98242-4134","US","2026-08-29","2.50","Standard (7-10 days)","1","159.99","0.00","",""
"A2FFC195-00013F-008B9","Buyer319","Placeholder","419 Example St","","Springfield","OR","16161-4147","US","2026-08-30","0.00","Standard (7-10 days)","1","30.00","0.00","",""
"A2FFC195-000140-008C0","Buyer320","Placeholder","420 Example St","","Springfield","SC","24080-4160","US","2026-08-30","0.07","Standard (7-10 days)","1","104.99","1.00","",""
"A2FFC195-000141-008C7","Buyer321","Placeholder","421 Example St","Unit 321","Springfield","CA","31999","US","2026-08-30","2.50","Standard (7-10 days)","1","159.99","0.00","",""
"A2FFC195-000142-008CE","Buyer322","Placeholder","422 Example St","","Springfield","IL","39918-4186","US","2026-08-30","0.21","Standard (7-10 days)","3","35.64","1.00","",""
"A2FFC195-000143-008D5","Buyer323","Placeholder","423 Example St","","Springfield","VA","47837-4199","US","2026-08-30","0.21","Standard (7-10 days)","3","20.72","1.00","",""
"A2FFC195-000144-008DC","Buyer324","Placeholder","424 Example St","","Springfield","TX","55756-4212","US","2026-08-30","0.00","Standard (7-10 days)","1","28.59","0.00","",""
"A2FFC195-000145-008E3","Buyer325","Placeholder","425 Example St","","Springfield","NY","63675-4225","US","2026-08-30","0.70","Standard (7-10 days)","10","114.33","1.00","",""
"A2FFC195-000146-008EA","Buyer326","Placeholder","426 Example St","","Springfield","NH","71594-4238","US","2026-08-30","0.14","Standard (7-10 days)","2","6.38","1.00","",""
"A2FFC195-000147-008F1","Buyer327","Placeholder","427 Example St","","Springfield","OR","79513-4251","US","2026-08-30","0.21","Standard (7-10 days)","3","38.97","1.00","",""
"A2FFC195-000148-008F8","Buyer328","Placeholder","428 Example St","","Springfield","PA","87432-4264","US","2026-08-30","0.35","Standard (7-10 days)","5","17.03","1.00","",""
"A2FFC195-000149-008FF","Buyer329","Placeholder","429 Example St","","Springfield","GA","95351-4277","US","2026-08-30","0.00","Standard (7-10 days)","1","85.99","0.00","",""
"A2FFC195-00014A-00906","Buyer330","Placeholder","430 Example St","","Springfield","OR","13270-4290","US","2026-08-30","0.28","Standard (7-10 days)","4","116.00","1.00","",""
"A2FFC195-00014B-0090D","Buyer331","Placeholder","431 Example St","Unit 331","Springfield","AR","21189","US","2026-08-30","0.07","Standard (7-10 days)","1","18.32","1.00","",""
