TCGplayer Id,Product Line,Set Name,Product Name,Title,Number,Rarity,Condition,TCG Market Price,TCG Direct Low,TCG Low Price With Shipping,TCG Low Price,Total Quantity,Add to Quantity,TCG Marketplace Price,Photo URL
"8607459","Pokemon","SV09: Journey Together","Accelgor","","013/159","Uncommon","Near Mint","0.07","0.01","1.5000","0.0100","","0","",""
"8607464","Pokemon","SV09: Journey Together","Accelgor","","013/159","Uncommon","Near Mint Reverse Holofoil","0.26","0.15","1.5100","0.0200","","0","",""
"8608039","Pokemon","SV09: Journey Together","Alcremie ex","","075/159","Double Rare","Near Mint Holofoil","0.67","0.68","1.8900","0.4000","","0","",""
"8607749","Pokemon","SV09: Journey Together","Alolan Geodude","","044/159","Common","Near Mint","0.13","0.01","1.5000","0.0100","","0","",""
"8607754","Pokemon","SV09: Journey Together","Alolan Geodude","","044/159","Common","Near Mint Reverse Holofoil","0.30","0.14","1.5000","0.0100","","0","",""
"8607769","Pokemon","SV09: Journey Together","Alolan Golem","","046/159","Uncommon","Near Mint","0.11","0.01","1.5000","0.0100","","0","",""
"8607774","Pokemon","SV09: Journey Together","Alolan Golem","","046/159","Uncommon","Near Mint Reverse Holofoil","0.41","0.40","1.6700","0.1800","","0","",""
"8607759","Pokemon","SV09: Journey Together","Alolan Graveler","","045/159","Common","Near Mint","0.13","0.05","1.5000","0.0100","","0","",""
"8607764","Pokemon","SV09: Journey Together","Alolan Graveler","","045/159","Common","Near Mint Reverse Holofoil","0.22","0.15","1.5000","0.0100","","0","",""
"8607864","Pokemon","SV09: Journey Together","Alolan Marowak","","057/159","Uncommon","Near Mint","0.15","0.01","1.5000","0.0100","","0","",""
"8607869","Pokemon","SV09: Journey Together","Alolan Marowak","","057/159","Uncommon","Near Mint Reverse Holofoil","0.26","0.15","1.5000","0.0100","","0","",""
"8607444","Pokemon","SV09: Journey Together","Amoonguss ex","","011/159","Double Rare","Near Mint Holofoil","0.51","0.61","1.6900","0.2000","","0","",""
"8607634","Pokemon","SV09: Journey Together","Articuno - 032/159","","032/159","Uncommon","Near Mint","0.20","0.05","1.5000","0.0100","","0","",""
"8607639","Pokemon","SV09: Journey Together","Articuno - 032/159","","032/159","Uncommon","Near Mint Reverse Holofoil","0.43","0.42","1.6000","0.1100","","0","",""
"8608859","Pokemon","SV09: Journey Together","Articuno - 161/159","","161/159","Illustration Rare","Near Mint Holofoil","22.03","21.98","22.9800","21.9800","0","0","25.9900",""
"8608494","Pokemon","SV09: Journey Together","Audino","","124/159","Common","Near Mint","0.14","0.05","1.5000","0.0100","","0","",""
"8608499","Pokemon","SV09: Journey Together","Audino","","124/159","Common","Near Mint Reverse Holofoil","0.27","0.15","1.5000","0.0100","","0","",""
"8608384","Pokemon","SV09: Journey Together","Bagon","","112/159","Common","Near Mint","0.16","0.01","1.5000","0.0100","","0","",""
"8608389","Pokemon","SV09: Journey Together","Bagon","","112/159","Common","Near Mint Reverse Holofoil","0.26","0.15","1.5200","0.0200","","0","",""
"8607894","Pokemon","SV09: Journey Together","Banette","","060/159","Uncommon","Near Mint","0.07","0.01","1.5000","0.0100","","0","",""
"8607899","Pokemon","SV09: Journey Together","Banette","","060/159","Uncommon","Near Mint Reverse Holofoil","0.55","0.97","1.6900","0.2000","","0","",""
"8607904","Pokemon","SV09: Journey Together","Beldum","","061/159","Common","Near Mint","0.11","0.01","1.5000","0.0100","","0","",""
"8607909","Pokemon","SV09: Journey Together","Beldum","","061/159","Common","Near Mint Reverse Holofoil","0.22","0.15","1.5100","0.0200","","0","",""
"8608674","Pokemon","SV09: Journey Together","Billy & O'Nare","","142/159","Common","Near Mint","0.12","0.01","1.5000","0.0100","","0","",""
"8608679","Pokemon","SV09: Journey Together","Billy & O'Nare","","142/159","Common","Near Mint Reverse Holofoil","0.23","0.15","1.5000","0.0100","","0","",""
"8608684","Pokemon","SV09: Journey Together","Black Belt's Training - 143/159","","143/159","Common","Near Mint","0.24","0.19","1.5200","0.0300","","0","",""
"8608689","Pokemon","SV09: Journey Together","Black Belt's Training - 143/159","","143/159","Common","Near Mint Reverse Holofoil","0.37","0.40","1.6200","0.1300","","0","",""
"8608694","Pokemon","SV09: Journey Together","Black Belt's Training - 144/159","","144/159","Common","Near Mint","0.18","0.05","1.5000","0.0100","","0","",""
"8608699","Pokemon","SV09: Journey Together","Black Belt's Training - 144/159","","144/159","Common","Near Mint Reverse Holofoil","0.39","0.40","1.5600","0.0700","","0","",""
"8608704","Pokemon","SV09: Journey Together","Black Belt's Training - 145/159","","145/159","Common","Near Mint","0.20","0.01","1.5000","0.0100","","0","",""
"8608709","Pokemon","SV09: Journey Together","Black Belt's Training - 145/159","","145/159","Common","Near Mint Reverse Holofoil","0.34","0.36","1.5300","0.0400","","0","",""
"8607569","Pokemon","SV09: Journey Together","Blaziken ex","","024/159","Double Rare","Near Mint Holofoil","1.63","2.09","2.2100","0.7200","","0","",""
"8608279","Pokemon","SV09: Journey Together","Bombirdier","","101/159","Common","Near Mint","0.15","0.05","1.5000","0.0100","","0","",""
"8608284","Pokemon","SV09: Journey Together","Bombirdier","","101/159","Common","Near Mint Reverse Holofoil","0.25","0.14","1.5100","0.0200","","0","",""
"8608714","Pokemon","SV09: Journey Together","Brock's Scouting - 146/159","","146/159","Uncommon","Near Mint","0.23","0.10","1.5000","0.0100","","0","",""
"8608719","Pokemon","SV09: Journey Together","Brock's Scouting - 146/159","","146/159","Uncommon","Near Mint Reverse Holofoil","0.53","0.64","1.6400","0.1500","","0","",""
"8608949","Pokemon","SV09: Journey Together","Brock's Scouting - 179/159","","179/159","Ultra Rare","Near Mint Holofoil","2.06","2.00","2.4900","1.0000","","0","",""
"8607364","Pokemon","SV09: Journey Together","Butterfree","","003/159","Rare","Near Mint Holofoil","0.20","0.10","1.5100","0.0100","","0","",""
"8607369","Pokemon","SV09: Journey Together","Butterfree","","003/159","Rare","Near Mint Reverse Holofoil","0.47","0.58","1.6800","0.1900","","0","",""
"8607344","Pokemon","SV09: Journey Together","Caterpie","","001/159","Common","Near Mint","0.14","0.01","1.5000","0.0100","","0","",""
"8607349","Pokemon","SV09: Journey Together","Caterpie","","001/159","Common","Near Mint Reverse Holofoil","0.25","0.15","1.5000","0.0100","","0","",""
"8608514","Pokemon","SV09: Journey Together","Cinccino","","126/159","Uncommon","Near Mint","0.13","0.01","1.5000","0.0100","","0","",""
"8608519","Pokemon","SV09: Journey Together","Cinccino","","126/159","Uncommon","Near Mint Reverse Holofoil","0.38","0.44","1.6200","0.1300","","0","",""
"8780490","Pokemon","SV09: Journey Together","Code Card - Journey Together 3 Pack Blister [Scrafty]","","","Code Card","Near Mint","0.08","","1.5400","0.0500","","0","",""
"8780495","Pokemon","SV09: Journey Together","Code Card - Journey Together 3 Pack Blister [Yanmega]","","","Code Card","Near Mint","0.07","","1.5600","0.0700","","0","",""
"8665451","Pokemon","SV09: Journey Together","Code Card - Journey Together Booster Pack","","","Code Card","Near Mint","0.03","","1.5000","0.0100","","0","",""
"8669552","Pokemon","SV09: Journey Together","Code Card - Journey Together Build & Battle Box","","","Code Card","Near Mint","0.26","","1.6400","0.1500","","0","",""
"8669542","Pokemon","SV09: Journey Together","Code Card - Journey Together Elite Trainer Box","","","Code Card","Near Mint","0.18","","1.5400","0.0500","","0","",""
"8684696","Pokemon","SV09: Journey Together","Code Card - Journey Together Enhanced Booster Display","","","Code Card","Near Mint","0.16","","1.5900","0.1000","","0","",""
"8669547","Pokemon","SV09: Journey Together","Code Card - Journey Together Pokemon Center Elite Trainer Box","","","Code Card","Near Mint","1.88","","1.8900","0.4000","","0","",""
"8669557","Pokemon","SV09: Journey Together","Code Card - Journey Together Single Pack Blister [Archaludon]","","","Code Card","Near Mint","0.01","","1.5000","0.0100","","0","",""
"8607559","Pokemon","SV09: Journey Together","Combusken","","023/159","Uncommon","Near Mint","0.10","0.01","1.5000","0.0100","","0","",""
"8607564","Pokemon","SV09: Journey Together","Combusken","","023/159","Uncommon","Near Mint Reverse Holofoil","0.28","0.17","1.5000","0.0100","","0","",""
"8608369","Pokemon","SV09: Journey Together","Copperajah","","110/159","Uncommon","Near Mint","0.04","0.01","1.5000","0.0100","","0","",""
"8608374","Pokemon","SV09: Journey Together","Copperajah","","110/159","Uncommon","Near Mint Reverse Holofoil","0.40","0.41","1.5800","0.0900","","0","",""
"8608624","Pokemon","SV09: Journey Together","Cramorant","","137/159","Common","Near Mint","0.13","0.05","1.5000","0.0100","","0","",""
"8608629","Pokemon","SV09: Journey Together","Cramorant","","137/159","Common","Near Mint Reverse Holofoil","0.25","0.15","1.5300","0.0400","","0","",""
"8608044","Pokemon","SV09: Journey Together","Cubone","","076/159","Common","Near Mint","0.18","0.05","1.5000","0.0100","","0","",""
"8608049","Pokemon","SV09: Journey Together","Cubone","","076/159","Common","Near Mint Reverse Holofoil","0.27","0.28","1.5100","0.0200","","0","",""
"8608359","Pokemon","SV09: Journey Together","Cufant","","109/159","Common","Near Mint","0.05","0.02","1.5000","0.0100","","0","",""
"8608364","Pokemon","SV09: Journey Together","Cufant","","109/159","Common","Near Mint Reverse Holofoil","0.25","0.14","1.5400","0.0500","","0","",""
"8607989","Pokemon","SV09: Journey Together","Dhelmise","","070/159","Common","Near Mint","0.20","0.06","1.5000","0.0100","","0","",""
"8607994","Pokemon","SV09: Journey Together","Dhelmise","","070/159","Common","Near Mint Reverse Holofoil","0.28","0.14","1.5200","0.0300","","0","",""
"8608554","Pokemon","SV09: Journey Together","Drampa","","130/159","Common","Near Mint","0.14","0.05","1.5000","0.0100","","0","",""
"8608559","Pokemon","SV09: Journey Together","Drampa","","130/159","Common","Near Mint Reverse Holofoil","0.24","0.14","1.5300","0.0400","","0","",""
"8608409","Pokemon","SV09: Journey Together","Druddigon","","115/159","Common","Near Mint","0.18","0.01","1.5000","0.0100","","0","",""
"8608414","Pokemon","SV09: Journey Together","Druddigon","","115/159","Common","Near Mint Reverse Holofoil","0.26","0.20","1.5400","0.0500","","0","",""
"8608469","Pokemon","SV09: Journey Together","Dudunsparce ex - 121/159","","121/159","Double Rare","Near Mint Holofoil","0.65","0.72","1.9900","0.5000","","0","",""
"8608944","Pokemon","SV09: Journey Together","Dudunsparce ex - 178/159","","178/159","Ultra Rare","Near Mint Holofoil","1.20","1.62","2.2100","0.7200","","0","",""
"8608459","Pokemon","SV09: Journey Together","Dunsparce","","120/159","Common","Near Mint","2.06","","2.9700","1.4800","","0","",""
"8608464","Pokemon","SV09: Journey Together","Dunsparce","","120/159","Common","Near Mint Reverse Holofoil","2.60","3.52","1.9800","0.4900","","0","",""
"8607469","Pokemon","SV09: Journey Together","Durant","","014/159","Common","Near Mint","0.15","0.01","1.5000","0.0100","","0","",""
"8607474","Pokemon","SV09: Journey Together","Durant","","014/159","Common","Near Mint Reverse Holofoil","0.26","0.14","1.5000","0.0100","","0","",""
"8608289","Pokemon","SV09: Journey Together","Escavalier","","102/159","Uncommon","Near Mint","0.02","0.01","1.5000","0.0100","","0","",""
"8608294","Pokemon","SV09: Journey Together","Escavalier","","102/159","Uncommon","Near Mint Reverse Holofoil","0.28","0.10","1.5100","0.0100","","0","",""
"8607499","Pokemon","SV09: Journey Together","Floragato","","017/159","Common","Near Mint","0.18","0.05","1.5000","0.0100","","0","",""
"8607504","Pokemon","SV09: Journey Together","Floragato","","017/159","Common","Near Mint Reverse Holofoil","0.30","0.17","1.5200","0.0300","","0","",""
"8607434","Pokemon","SV09: Journey Together","Foongus","","010/159","Common","Near Mint","0.06","0.01","1.5000","0.0100","","0","",""
"8607439","Pokemon","SV09: Journey Together","Foongus","","010/159","Common","Near Mint Reverse Holofoil","0.22","0.15","1.5000","0.0100","","0","",""
"8608449","Pokemon","SV09: Journey Together","Furret - 119/159","","119/159","Common","Near Mint","0.18","0.05","1.5100","0.0200","","0","",""
"8608454","Pokemon","SV09: Journey Together","Furret - 119/159","","119/159","Common","Near Mint Reverse Holofoil","0.26","0.10","1.5300","0.0400","","0","",""
"8608894","Pokemon","SV09: Journey Together","Furret - 168/159","","168/159","Illustration Rare","Near Mint Holofoil","9.15","12.89","8.9400","8.9400","","0","",""
"8608329","Pokemon","SV09: Journey Together","Galarian Stunfisk","","106/159","Common","Near Mint","0.14","0.05","1.5000","0.0100","","0","",""
"8608334","Pokemon","SV09: Journey Together","Galarian Stunfisk","","106/159","Common","Near Mint Reverse Holofoil","0.26","0.14","1.5600","0.0700","","0","",""
"8608574","Pokemon","SV09: Journey Together","Greedent","","132/159","Uncommon","Near Mint","0.10","0.01","1.5000","0.0100","","0","",""
"8608579","Pokemon","SV09: Journey Together","Greedent","","132/159","Uncommon","Near Mint Reverse Holofoil","0.32","0.38","1.6500","0.1600","","0","",""
"8608019","Pokemon","SV09: Journey Together","Grimmsnarl","","073/159","Uncommon","Near Mint","0.10","0.01","1.5000","0.0100","","0","",""
"8608024","Pokemon","SV09: Journey Together","Grimmsnarl","","073/159","Uncommon","Near Mint Reverse Holofoil","0.33","0.35","1.6600","0.1700","","0","",""
"8608724","Pokemon","SV09: Journey Together","Hop's Bag","","147/159","Uncommon","Near Mint","0.16","0.01","1.5000","0.0100","","0","",""
"8608729","Pokemon","SV09: Journey Together","Hop's Bag","","147/159","Uncommon","Near Mint Reverse Holofoil","0.29","0.22","1.5000","0.0100","","0","",""
"8608734","Pokemon","SV09: Journey Together","Hop's Choice Band","","148/159","Uncommon","Near Mint","0.15","0.01","1.5000","0.0100","","0","",""
"8608739","Pokemon","SV09: Journey Together","Hop's Choice Band","","148/159","Uncommon","Near Mint Reverse Holofoil","0.21","0.22","1.5400","0.0500","","0","",""
"8608349","Pokemon","SV09: Journey Together","Hop's Corviknight","","108/159","Uncommon","Near Mint","0.16","0.01","1.5000","0.0100","","0","",""
"8608354","Pokemon","SV09: Journey Together","Hop's Corviknight","","108/159","Uncommon","Near Mint Reverse Holofoil","0.40","0.50","1.6800","0.1900","","0","",""
"8608594","Pokemon","SV09: Journey Together","Hop's Corvisquire","","134/159","Common","Near Mint","0.09","0.05","1.5000","0.0100","","0","",""
"8608599","Pokemon","SV09: Journey Together","Hop's Corvisquire","","134/159","Common","Near Mint Reverse Holofoil","0.25","0.16","1.5100","0.0200","","0","",""
"8608634","Pokemon","SV09: Journey Together","Hop's Cramorant","","138/159","Uncommon","Near Mint","0.14","0.01","1.5000","0.0100","","0","",""
"8608639","Pokemon","SV09: Journey Together","Hop's Cramorant","","138/159","Uncommon","Near Mint Reverse Holofoil","0.26","0.21","1.5000","0.0100","","0","",""
"8608614","Pokemon","SV09: Journey Together","Hop's Dubwool","","136/159","Rare","Near Mint Holofoil","0.19","0.10","1.5000","0.0100","","0","",""
"8608619","Pokemon","SV09: Journey Together","Hop's Dubwool","","136/159","Rare","Near Mint Reverse Holofoil","0.36","0.40","1.6300","0.1400","","0","",""
"8608584","Pokemon","SV09: Journey Together","Hop's Rookidee","","133/159","Common","Near Mint","0.18","0.01","1.5000","0.0100","","0","",""
"8608589","Pokemon","SV09: Journey Together","Hop's Rookidee","","133/159","Common","Near Mint Reverse Holofoil","0.27","0.13","1.5300","0.0400","","0","",""
"8608149","Pokemon","SV09: Journey Together","Hop's Sandaconda","","087/159","Uncommon","Near Mint","0.06","0.01","1.5000","0.0100","","0","",""
"8608154","Pokemon","SV09: Journey Together","Hop's Sandaconda","","087/159","Uncommon","Near Mint Reverse Holofoil","0.39","0.43","1.5000","0.0100","","0","",""
"8608139","Pokemon","SV09: Journey Together","Hop's Silicobra","","086/159","Common","Near Mint","0.15","0.05","1.5000","0.0100","","0","",""
"8608144","Pokemon","SV09: Journey Together","Hop's Silicobra","","086/159","Common","Near Mint Reverse Holofoil","0.24","0.13","1.5200","0.0300","","0","",""
"8608429","Pokemon","SV09: Journey Together","Hop's Snorlax","","117/159","Rare","Near Mint Holofoil","0.33","0.40","1.5000","0.0100","","0","",""
"8608434","Pokemon","SV09: Journey Together","Hop's Snorlax","","117/159","Rare","Near Mint Reverse Holofoil","0.66","0.80","1.6400","0.1500","","0","",""
"8608604","Pokemon","SV09: Journey Together","Hop's Wooloo - 135/159","","135/159","Common","Near Mint","0.09","0.05","1.5000","0.0100","","0","",""
"8608609","Pokemon","SV09: Journey Together","Hop's Wooloo - 135/159","","135/159","Common","Near Mint Reverse Holofoil","0.28","0.16","1.5200","0.0300","","0","",""
"8608904","Pokemon","SV09: Journey Together","Hop's Wooloo - 170/159","","170/159","Illustration Rare","Near Mint Holofoil","4.72","6.30","4.9100","3.4200","","0","",""
"8608379","Pokemon","SV09: Journey Together","Hop's Zacian ex - 111/159","","111/159","Double Rare","Near Mint Holofoil","0.58","0.80","1.7900","0.3000","","0","",""
"8608934","Pokemon","SV09: Journey Together","Hop's Zacian ex - 176/159","","176/159","Ultra Rare","Near Mint Holofoil","1.90","1.90","2.5400","1.0500","","0","",""
"8608984","Pokemon","SV09: Journey Together","Hop's Zacian ex - 186/159","","186/159","Special Illustration Rare","Near Mint Holofoil","36.16","43.53","34.4900","34.4900","","0","",""
"8607999","Pokemon","SV09: Journey Together","Impidimp","","071/159","Common","Near Mint","0.09","0.01","1.5000","0.0100","","0","",""
"8608004","Pokemon","SV09: Journey Together","Impidimp","","071/159","Common","Near Mint Reverse Holofoil","0.23","0.14","1.5300","0.0400","","0","",""
"8607834","Pokemon","SV09: Journey Together","Iono's Bellibolt ex - 053/159","","053/159","Double Rare","Near Mint Holofoil","0.56","0.86","1.6300","0.1400","","0","",""
"8608914","Pokemon","SV09: Journey Together","Iono's Bellibolt ex - 172/159","","172/159","Ultra Rare","Near Mint Holofoil","1.84","2.54","2.4900","1.0000","","0","",""
"8608969","Pokemon","SV09: Journey Together","Iono's Bellibolt ex - 183/159","","183/159","Special Illustration Rare","Near Mint Holofoil","41.37","46.98","39.9800","34.9900","","0","",""
"8608994","Pokemon","SV09: Journey Together","Iono's Bellibolt ex - 188/159","","188/159","Hyper Rare","Near Mint Holofoil","17.49","17.50","16.0000","16.0000","","0","",""
"8607789","Pokemon","SV09: Journey Together","Iono's Electrode","","048/159","Uncommon","Near Mint","0.18","0.05","1.5000","0.0100","","0","",""
"8607794","Pokemon","SV09: Journey Together","Iono's Electrode","","048/159","Uncommon","Near Mint Reverse Holofoil","0.38","0.54","1.6200","0.1300","","0","",""
"8607849","Pokemon","SV09: Journey Together","Iono's Kilowattrel - 055/159","","055/159","Rare","Near Mint Holofoil","0.19","0.10","1.5000","0.0100","","0","",""
"8607854","Pokemon","SV09: Journey Together","Iono's Kilowattrel - 055/159","","055/159","Rare","Near Mint Reverse Holofoil","0.48","0.58","1.5900","0.1000","","0","",""
"8608869","Pokemon","SV09: Journey Together","Iono's Kilowattrel - 163/159","","163/159","Illustration Rare","Near Mint Holofoil","5.01","6.31","5.4100","5.4100","","0","",""
"8607824","Pokemon","SV09: Journey Together","Iono's Tadbulb","","052/159","Common","Near Mint","0.22","0.07","1.5000","0.0100","","0","",""
"8607829","Pokemon","SV09: Journey Together","Iono's Tadbulb","","052/159","Common","Near Mint Reverse Holofoil","0.26","0.15","1.5400","0.0500","","0","",""
"8607779","Pokemon","SV09: Journey Together","Iono's Voltorb","","047/159","Common","Near Mint","0.18","0.01","1.5000","0.0100","","0","",""
"8607784","Pokemon","SV09: Journey Together","Iono's Voltorb","","047/159","Common","Near Mint Reverse Holofoil","0.23","0.23","1.5100","0.0200","","0","",""
"8607839","Pokemon","SV09: Journey Together","Iono's Wattrel","","054/159","Common","Near Mint","0.25","0.09","1.5000","0.0100","","0","",""
"8607844","Pokemon","SV09: Journey Together","Iono's Wattrel","","054/159","Common","Near Mint Reverse Holofoil","0.31","0.20","1.5400","0.0500","","0","",""
"8608744","Pokemon","SV09: Journey Together","Iris's Fighting Spirit - 149/159","","149/159","Uncommon","Near Mint","0.13","0.01","1.5000","0.0100","","0","",""
"8608749","Pokemon","SV09: Journey Together","Iris's Fighting Spirit - 149/159","","149/159","Uncommon","Near Mint Reverse Holofoil","0.28","0.16","1.5000","0.0100","","0","",""
"8608954","Pokemon","SV09: Journey Together","Iris's Fighting Spirit - 180/159","","180/159","Ultra Rare","Near Mint Holofoil","1.16","2.48","1.9900","0.5000","","0","",""
"8607424","Pokemon","SV09: Journey Together","Karrablast","","009/159","Common","Near Mint","0.17","0.05","1.5000","0.0100","","0","",""
"8607429","Pokemon","SV09: Journey Together","Karrablast","","009/159","Common","Near Mint Reverse Holofoil","0.25","0.21","1.5000","0.0100","","0","",""
"8608474","Pokemon","SV09: Journey Together","Kecleon","","122/159","Common","Near Mint","0.21","0.06","1.5000","0.0100","","0","",""
"8608479","Pokemon","SV09: Journey Together","Kecleon","","122/159","Common","Near Mint Reverse Holofoil","0.25","0.20","1.5200","0.0300","","0","",""
"8608179","Pokemon","SV09: Journey Together","Klawf","","090/159","Uncommon","Near Mint","0.06","0.01","1.5000","0.0100","","0","",""
"8608184","Pokemon","SV09: Journey Together","Klawf","","090/159","Uncommon","Near Mint Reverse Holofoil","0.24","0.20","1.5200","0.0300","","0","",""
"8608189","Pokemon","SV09: Journey Together","Koffing","","091/159","Common","Near Mint","0.19","0.05","1.5000","0.0100","","0","",""
"8608194","Pokemon","SV09: Journey Together","Koffing","","091/159","Common","Near Mint Reverse Holofoil","0.27","0.15","1.5000","0.0100","","0","",""
"8608544","Pokemon","SV09: Journey Together","Komala","","129/159","Common","Near Mint","0.18","0.04","1.5000","0.0100","","0","",""
"8608549","Pokemon","SV09: Journey Together","Komala","","129/159","Common","Near Mint Reverse Holofoil","0.25","0.15","1.5000","0.0100","","0","",""
"8607604","Pokemon","SV09: Journey Together","Larvesta","","028/159","Common","Near Mint","0.05","0.01","1.5000","0.0100","","0","",""
"8607609","Pokemon","SV09: Journey Together","Larvesta","","028/159","Common","Near Mint Reverse Holofoil","0.24","0.15","1.5300","0.0400","","0","",""
"8608079","Pokemon","SV09: Journey Together","Larvitar","","080/159","Common","Near Mint","0.16","0.01","1.5000","0.0100","","0","",""
"8608084","Pokemon","SV09: Journey Together","Larvitar","","080/159","Common","Near Mint Reverse Holofoil","0.25","0.16","1.5200","0.0300","","0","",""
"8608644","Pokemon","SV09: Journey Together","Lechonk","","139/159","Common","Near Mint","0.07","0.01","1.5000","0.0100","","0","",""
"8608649","Pokemon","SV09: Journey Together","Lechonk","","139/159","Common","Near Mint Reverse Holofoil","0.30","0.10","1.5000","0.0100","","0","",""
"8608754","Pokemon","SV09: Journey Together","Levincia","","150/159","Uncommon","Near Mint","0.11","0.01","1.5000","0.0100","","0","",""
"8608759","Pokemon","SV09: Journey Together","Levincia","","150/159","Uncommon","Near Mint Reverse Holofoil","0.32","0.25","1.5100","0.0200","","0","",""
"8607859","Pokemon","SV09: Journey Together","Lillie's Clefairy ex - 056/159","","056/159","Double Rare","Near Mint Holofoil","2.53","","2.7400","1.2500","","0","",""
"8608919","Pokemon","SV09: Journey Together","Lillie's Clefairy ex - 173/159","","173/159","Ultra Rare","Near Mint Holofoil","8.34","8.40","8.0000","7.0000","","0","",""
"8608974","Pokemon","SV09: Journey Together","Lillie's Clefairy ex - 184/159","","184/159","Special Illustration Rare","Near Mint Holofoil","121.73","142.99","115.5000","114.0000","","0","",""
"8607974","Pokemon","SV09: Journey Together","Lillie's Comfey","","068/159","Common","Near Mint","0.21","0.07","1.5100","0.0100","","0","",""
"8607979","Pokemon","SV09: Journey Together","Lillie's Comfey","","068/159","Common","Near Mint Reverse Holofoil","0.26","0.15","1.5000","0.0100","","0","",""
"8607954","Pokemon","SV09: Journey Together","Lillie's Cutiefly","","066/159","Common","Near Mint","0.19","0.05","1.5000","0.0100","","0","",""
"8607959","Pokemon","SV09: Journey Together","Lillie's Cutiefly","","066/159","Common","Near Mint Reverse Holofoil","0.25","0.24","1.5400","0.0500","","0","",""
"8608764","Pokemon","SV09: Journey Together","Lillie's Pearl","","151/159","Uncommon","Near Mint","0.14","0.05","1.5000","0.0100","","0","",""
"8608769","Pokemon","SV09: Journey Together","Lillie's Pearl","","151/159","Uncommon","Near Mint Reverse Holofoil","0.23","0.24","1.5000","0.0100","","0","",""
"8607964","Pokemon","SV09: Journey Together","Lillie's Ribombee - 067/159","","067/159","Rare","Near Mint Holofoil","0.17","0.10","1.5000","0.0100","","0","",""
"8607969","Pokemon","SV09: Journey Together","Lillie's Ribombee - 067/159","","067/159","Rare","Near Mint Reverse Holofoil","1.52","0.57","1.5800","0.0900","","0","",""
"8608874","Pokemon","SV09: Journey Together","Lillie's Ribombee - 164/159","","164/159","Illustration Rare","Near Mint Holofoil","5.65","6.29","6.1400","6.1400","","0","",""
"8607404","Pokemon","SV09: Journey Together","Lilligant","","007/159","Common","Near Mint","0.17","0.05","1.5000","0.0100","","0","",""
"8607409","Pokemon","SV09: Journey Together","Lilligant","","007/159","Common","Near Mint Reverse Holofoil","0.25","0.25","1.5400","0.0500","","0","",""
"8608269","Pokemon","SV09: Journey Together","Lokix","","100/159","Uncommon","Near Mint","0.04","0.01","1.5000","0.0100","","0","",""
"8608274","Pokemon","SV09: Journey Together","Lokix","","100/159","Uncommon","Near Mint Reverse Holofoil","0.35","0.41","1.6400","0.1500","","0","",""
"8607674","Pokemon","SV09: Journey Together","Lombre","","036/159","Common","Near Mint","0.15","0.05","1.5000","0.0100","","0","",""
"8607679","Pokemon","SV09: Journey Together","Lombre","","036/159","Common","Near Mint Reverse Holofoil","0.24","0.10","1.5400","0.0500","","0","",""
"8607664","Pokemon","SV09: Journey Together","Lotad","","035/159","Common","Near Mint","0.17","0.05","1.5000","0.0100","","0","",""
"8607669","Pokemon","SV09: Journey Together","Lotad","","035/159","Common","Near Mint Reverse Holofoil","0.31","0.25","1.5600","0.0700","","0","",""
"8607684","Pokemon","SV09: Journey Together","Ludicolo","","037/159","Rare","Near Mint Holofoil","0.25","0.10","1.5000","0.0100","","0","",""
"8607689","Pokemon","SV09: Journey Together","Ludicolo","","037/159","Rare","Near Mint Reverse Holofoil","0.54","0.64","1.5900","0.1000","","0","",""
"8608129","Pokemon","SV09: Journey Together","Lycanroc - 085/159","","085/159","Rare","Near Mint Holofoil","0.18","0.10","1.5000","0.0100","","0","",""
"8608134","Pokemon","SV09: Journey Together","Lycanroc - 085/159","","085/159","Rare","Near Mint Reverse Holofoil","0.38","0.40","1.6400","0.1500","","0","",""
"8608884","Pokemon","SV09: Journey Together","Lycanroc - 166/159","","166/159","Illustration Rare","Near Mint Holofoil","3.31","4.10","3.6300","2.1400","","0","",""
"8608339","Pokemon","SV09: Journey Together","Magearna","","107/159","Rare","Near Mint Holofoil","0.18","0.10","1.5000","0.0100","","0","",""
"8608344","Pokemon","SV09: Journey Together","Magearna","","107/159","Rare","Near Mint Reverse Holofoil","0.39","0.42","1.5800","0.0900","","0","",""
"8607529","Pokemon","SV09: Journey Together","Magmar","","020/159","Common","Near Mint","0.10","0.01","1.5000","0.0100","","0","",""
"8607534","Pokemon","SV09: Journey Together","Magmar","","020/159","Common","Near Mint Reverse Holofoil","0.28","0.10","1.5000","0.0100","","0","",""
"8607539","Pokemon","SV09: Journey Together","Magmortar","","021/159","Rare","Near Mint Holofoil","0.17","0.10","1.5000","0.0100","","0","",""
"8607544","Pokemon","SV09: Journey Together","Magmortar","","021/159","Rare","Near Mint Reverse Holofoil","0.40","0.37","1.6300","0.1400","","0","",""
"8608074","Pokemon","SV09: Journey Together","Mamoswine ex - 079/159","","079/159","Double Rare","Near Mint Holofoil","0.52","1.00","1.7400","0.2500","","0","",""
"8608924","Pokemon","SV09: Journey Together","Mamoswine ex - 174/159","","174/159","Ultra Rare","Near Mint Holofoil","0.84","0.90","1.8800","0.3900","","0","",""
"8607414","Pokemon","SV09: Journey Together","Maractus - 008/159","","008/159","Uncommon","Near Mint","0.23","0.05","1.5000","0.0100","","0","",""
"8607419","Pokemon","SV09: Journey Together","Maractus - 008/159","","008/159","Uncommon","Near Mint Reverse Holofoil","0.22","0.23","1.5000","0.0100","","0","",""
"8608854","Pokemon","SV09: Journey Together","Maractus - 160/159","","160/159","Illustration Rare","Near Mint Holofoil","2.32","3.09","2.9900","1.5000","","0","",""
"8607509","Pokemon","SV09: Journey Together","Meowscarada","","018/159","Rare","Near Mint Holofoil","0.24","0.10","1.5000","0.0100","","0","",""
"8607514","Pokemon","SV09: Journey Together","Meowscarada","","018/159","Rare","Near Mint Reverse Holofoil","0.49","0.60","1.6000","0.1100","","0","",""
"8607924","Pokemon","SV09: Journey Together","Metagross","","063/159","Rare","Near Mint Holofoil","0.20","0.10","1.5000","0.0100","","0","",""
"8607929","Pokemon","SV09: Journey Together","Metagross","","063/159","Rare","Near Mint Reverse Holofoil","0.66","0.43","1.6800","0.1900","","0","",""
"8607914","Pokemon","SV09: Journey Together","Metang","","062/159","Common","Near Mint","0.15","0.01","1.5000","0.0100","","0","",""
"8607919","Pokemon","SV09: Journey Together","Metang","","062/159","Common","Near Mint Reverse Holofoil","0.26","0.10","1.5000","0.0100","","0","",""
"8607354","Pokemon","SV09: Journey Together","Metapod","","002/159","Common","Near Mint","0.20","0.01","1.5200","0.0300","","0","",""
"8607359","Pokemon","SV09: Journey Together","Metapod","","002/159","Common","Near Mint Reverse Holofoil","0.26","0.15","1.5900","0.1000","","0","",""
"8608029","Pokemon","SV09: Journey Together","Milcery","","074/159","Common","Near Mint","0.11","0.01","1.5000","0.0100","","0","",""
"8608034","Pokemon","SV09: Journey Together","Milcery","","074/159","Common","Near Mint Reverse Holofoil","0.32","0.20","1.5000","0.0100","","0","",""
"8607984","Pokemon","SV09: Journey Together","Mimikyu ex","","069/159","Double Rare","Near Mint Holofoil","2.15","2.99","2.1500","0.6600","","0","",""
"8608504","Pokemon","SV09: Journey Together","Minccino","","125/159","Common","Near Mint","0.14","0.01","1.5000","0.0100","","0","",""
"8608509","Pokemon","SV09: Journey Together","Minccino","","125/159","Common","Near Mint Reverse Holofoil","0.24","0.16","1.5200","0.0300","","0","",""
"8608009","Pokemon","SV09: Journey Together","Morgrem","","072/159","Common","Near Mint","0.20","0.05","1.5000","0.0100","","0","",""
"8608014","Pokemon","SV09: Journey Together","Morgrem","","072/159","Common","Near Mint Reverse Holofoil","0.22","0.15","1.5000","0.0100","","0","",""
"8607874","Pokemon","SV09: Journey Together","Mr. Mime","","058/159","Common","Near Mint","0.17","0.05","1.5000","0.0100","","0","",""
"8607879","Pokemon","SV09: Journey Together","Mr. Mime","","058/159","Common","Near Mint Reverse Holofoil","0.26","0.14","1.5100","0.0200","","0","",""
"8608774","Pokemon","SV09: Journey Together","N's Castle","","152/159","Uncommon","Near Mint","0.13","0.17","1.5000","0.0100","","0","",""
"8608779","Pokemon","SV09: Journey Together","N's Castle","","152/159","Uncommon","Near Mint Reverse Holofoil","0.27","0.32","1.5600","0.0700","","0","",""
"8607594","Pokemon","SV09: Journey Together","N's Darmanitan - 027/159","","027/159","Uncommon","Near Mint","0.15","0.01","1.5000","0.0100","","0","",""
"8607599","Pokemon","SV09: Journey Together","N's Darmanitan - 027/159","","027/159","Uncommon","Near Mint Reverse Holofoil","0.37","0.40","1.6700","0.1800","","0","",""
"8607584","Pokemon","SV09: Journey Together","N's Darumaka","","026/159","Common","Near Mint","0.15","0.05","1.5000","0.0100","","0","",""
"8607589","Pokemon","SV09: Journey Together","N's Darumaka","","026/159","Common","Near Mint Reverse Holofoil","0.29","0.29","1.5100","0.0200","","0","",""
"8607799","Pokemon","SV09: Journey Together","N's Joltik","","049/159","Common","Near Mint","0.13","0.01","1.5000","0.0100","","0","",""
"8607804","Pokemon","SV09: Journey Together","N's Joltik","","049/159","Common","Near Mint Reverse Holofoil","0.22","0.15","1.5100","0.0200","","0","",""
"8608309","Pokemon","SV09: Journey Together","N's Klang","","104/159","Common","Near Mint","0.19","0.07","1.5000","0.0100","","0","",""
"8608314","Pokemon","SV09: Journey Together","N's Klang","","104/159","Common","Near Mint Reverse Holofoil","0.27","0.15","1.5400","0.0500","","0","",""
"8608299","Pokemon","SV09: Journey Together","N's Klink","","103/159","Common","Near Mint","0.13","0.01","1.5000","0.0100","","0","",""
"8608304","Pokemon","SV09: Journey Together","N's Klink","","103/159","Common","Near Mint Reverse Holofoil","0.27","0.15","1.5200","0.0200","","0","",""
"8608319","Pokemon","SV09: Journey Together","N's Klinklang","","105/159","Uncommon","Near Mint","0.15","0.05","1.5000","0.0100","","0","",""
"8608324","Pokemon","SV09: Journey Together","N's Klinklang","","105/159","Uncommon","Near Mint Reverse Holofoil","0.38","0.40","1.6900","0.2000","","0","",""
"8608784","Pokemon","SV09: Journey Together","N's PP Up","","153/159","Uncommon","Near Mint","0.12","0.17","1.5000","0.0100","","0","",""
"8608789","Pokemon","SV09: Journey Together","N's PP Up","","153/159","Uncommon","Near Mint Reverse Holofoil","0.33","0.33","1.5000","0.0100","","0","",""
"8608234","Pokemon","SV09: Journey Together","N's Purrloin","","096/159","Common","Near Mint","0.08","0.05","1.5000","0.0100","","0","",""
"8608239","Pokemon","SV09: Journey Together","N's Purrloin","","096/159","Common","Near Mint Reverse Holofoil","0.26","0.16","1.5200","0.0300","","0","",""
"8608419","Pokemon","SV09: Journey Together","N's Reshiram - 116/159","","116/159","Rare","Near Mint Holofoil","0.23","0.19","1.5000","0.0100","","0","",""
"8608424","Pokemon","SV09: Journey Together","N's Reshiram - 116/159","","116/159","Rare","Near Mint Reverse Holofoil","0.55","0.60","1.6400","0.1500","","0","",""
"8637788","Pokemon","SV09: Journey Together","N's Reshiram - 167/159","","167/159","Illustration Rare","Near Mint Holofoil","18.31","20.98","17.7900","17.7900","0","0","18.5000",""
"8607934","Pokemon","SV09: Journey Together","N's Sigilyph","","064/159","Common","Near Mint","0.20","0.06","1.5000","0.0100","","0","",""
"8607939","Pokemon","SV09: Journey Together","N's Sigilyph","","064/159","Common","Near Mint Reverse Holofoil","0.24","0.15","1.5300","0.0400","","0","",""
"8608254","Pokemon","SV09: Journey Together","N's Zoroark ex - 098/159","","098/159","Double Rare","Near Mint Holofoil","1.24","1.84","1.9900","0.5000","","0","",""
"8608929","Pokemon","SV09: Journey Together","N's Zoroark ex - 175/159","","175/159","Ultra Rare","Near Mint Holofoil","3.82","5.85","4.2500","2.7500","","0","",""
"8608979","Pokemon","SV09: Journey Together","N's Zoroark ex - 185/159","","185/159","Special Illustration Rare","Near Mint Holofoil","48.97","57.99","47.9900","47.0000","0","0","48.9900",""
"8608999","Pokemon","SV09: Journey Together","N's Zoroark ex - 189/159","","189/159","Hyper Rare","Near Mint Holofoil","15.64","19.94","14.5700","13.5800","","0","",""
"8608244","Pokemon","SV09: Journey Together","N's Zorua","","097/159","Common","Near Mint","0.20","0.10","1.5100","0.0200","","0","",""
"8608249","Pokemon","SV09: Journey Together","N's Zorua","","097/159","Common","Near Mint Reverse Holofoil","0.35","0.42","1.5000","0.0100","","0","",""
"8608524","Pokemon","SV09: Journey Together","Noibat - 127/159","","127/159","Common","Near Mint","0.11","0.01","1.5000","0.0100","","0","",""
"8608529","Pokemon","SV09: Journey Together","Noibat - 127/159","","127/159","Common","Near Mint Reverse Holofoil","0.29","0.25","1.5300","0.0400","","0","",""
"8608899","Pokemon","SV09: Journey Together","Noibat - 169/159","","169/159","Illustration Rare","Near Mint Holofoil","7.11","6.71","6.6800","5.5500","0","0","5.0000",""
"8608534","Pokemon","SV09: Journey Together","Noivern","","128/159","Rare","Near Mint Holofoil","0.18","0.10","1.5000","0.0100","","0","",""
"8608539","Pokemon","SV09: Journey Together","Noivern","","128/159","Rare","Near Mint Reverse Holofoil","0.39","0.51","1.5800","0.0900","","0","",""
"8607519","Pokemon","SV09: Journey Together","Nymble","","019/159","Common","Near Mint","0.06","0.01","1.5000","0.0100","","0","",""
"8607524","Pokemon","SV09: Journey Together","Nymble","","019/159","Common","Near Mint Reverse Holofoil","0.26","0.12","1.5000","0.0100","","0","",""
"8607654","Pokemon","SV09: Journey Together","Octillery","","034/159","Uncommon","Near Mint","0.08","0.01","1.5000","0.0100","","0","",""
"8607659","Pokemon","SV09: Journey Together","Octillery","","034/159","Uncommon","Near Mint Reverse Holofoil","0.37","0.41","1.6100","0.1200","","0","",""
"8608654","Pokemon","SV09: Journey Together","Oinkologne","","140/159","Uncommon","Near Mint","0.10","0.01","1.5000","0.0100","","0","",""
"8608659","Pokemon","SV09: Journey Together","Oinkologne","","140/159","Uncommon","Near Mint Reverse Holofoil","0.44","0.50","1.5800","0.0900","","0","",""
"8607944","Pokemon","SV09: Journey Together","Oricorio","","065/159","Common","Near Mint","0.15","0.01","1.5000","0.0100","","0","",""
"8607949","Pokemon","SV09: Journey Together","Oricorio","","065/159","Common","Near Mint Reverse Holofoil","0.21","0.15","1.5400","0.0500","","0","",""
"8608219","Pokemon","SV09: Journey Together","Paldean Clodsire ex","","094/159","Double Rare","Near Mint Holofoil","0.53","0.60","1.6900","0.2000","","0","",""
"8608209","Pokemon","SV09: Journey Together","Paldean Wooper","","093/159","Common","Near Mint","0.13","0.05","1.5000","0.0100","","0","",""
"8608214","Pokemon","SV09: Journey Together","Paldean Wooper","","093/159","Common","Near Mint Reverse Holofoil","0.28","0.20","1.5000","0.0100","","0","",""
"8608109","Pokemon","SV09: Journey Together","Pancham","","083/159","Common","Near Mint","0.19","0.05","1.5000","0.0100","","0","",""
"8608114","Pokemon","SV09: Journey Together","Pancham","","083/159","Common","Near Mint Reverse Holofoil","0.26","0.15","1.5300","0.0400","","0","",""
"8608259","Pokemon","SV09: Journey Together","Pangoro","","099/159","Uncommon","Near Mint","0.07","0.01","1.5000","0.0100","","0","",""
"8608264","Pokemon","SV09: Journey Together","Pangoro","","099/159","Uncommon","Near Mint Reverse Holofoil","0.30","0.15","1.5400","0.0500","","0","",""
"8607374","Pokemon","SV09: Journey Together","Paras","","004/159","Common","Near Mint","0.18","0.04","1.5000","0.0100","","0","",""
"8607379","Pokemon","SV09: Journey Together","Paras","","004/159","Common","Near Mint Reverse Holofoil","0.28","0.21","1.5300","0.0400","","0","",""
"8607384","Pokemon","SV09: Journey Together","Parasect","","005/159","Common","Near Mint","0.16","0.05","1.5000","0.0100","","0","",""
"8607389","Pokemon","SV09: Journey Together","Parasect","","005/159","Common","Near Mint Reverse Holofoil","0.24","0.15","1.5200","0.0300","","0","",""
"8607704","Pokemon","SV09: Journey Together","Pelipper","","039/159","Uncommon","Near Mint","0.06","0.01","1.5000","0.0100","","0","",""
"8607709","Pokemon","SV09: Journey Together","Pelipper","","039/159","Uncommon","Near Mint Reverse Holofoil","0.23","0.10","1.5000","0.0100","","0","",""
"8607394","Pokemon","SV09: Journey Together","Petilil","","006/159","Common","Near Mint","0.07","0.01","1.5000","0.0100","","0","",""
"8607399","Pokemon","SV09: Journey Together","Petilil","","006/159","Common","Near Mint Reverse Holofoil","0.28","0.16","1.5100","0.0200","","0","",""
"8608064","Pokemon","SV09: Journey Together","Piloswine","","078/159","Common","Near Mint","0.19","0.06","1.5100","0.0200","","0","",""
"8608069","Pokemon","SV09: Journey Together","Piloswine","","078/159","Common","Near Mint Reverse Holofoil","0.24","0.15","1.5000","0.0100","","0","",""
"8608794","Pokemon","SV09: Journey Together","Postwick","","154/159","Uncommon","Near Mint","0.16","0.01","1.5000","0.0100","","0","",""
"8608799","Pokemon","SV09: Journey Together","Postwick","","154/159","Uncommon","Near Mint Reverse Holofoil","0.31","0.16","1.5000","0.0100","","0","",""
"8608804","Pokemon","SV09: Journey Together","Professor's Research [Professor Sada]","","155/159","Common","Near Mint","0.20","0.16","1.5000","0.0100","","0","",""
"8608809","Pokemon","SV09: Journey Together","Professor's Research [Professor Sada]","","155/159","Common","Near Mint Reverse Holofoil","0.51","0.75","1.5000","0.0100","","0","",""
"8608089","Pokemon","SV09: Journey Together","Pupitar","","081/159","Common","Near Mint","0.17","0.05","1.5000","0.0100","","0","",""
"8608094","Pokemon","SV09: Journey Together","Pupitar","","081/159","Common","Near Mint Reverse Holofoil","0.27","0.10","1.5200","0.0300","","0","",""
"8608814","Pokemon","SV09: Journey Together","Redeemable Ticket","","156/159","Uncommon","Near Mint","0.19","0.20","1.5000","0.0100","","0","",""
"8608819","Pokemon","SV09: Journey Together","Redeemable Ticket","","156/159","Uncommon","Near Mint Reverse Holofoil","0.44","0.65","1.6300","0.1400","","0","",""
"8607734","Pokemon","SV09: Journey Together","Regice","","042/159","Uncommon","Near Mint","0.18","0.01","1.5000","0.0100","","0","",""
"8607739","Pokemon","SV09: Journey Together","Regice","","042/159","Uncommon","Near Mint Reverse Holofoil","0.43","0.48","1.7300","0.2400","","0","",""
"8608099","Pokemon","SV09: Journey Together","Regirock","","082/159","Rare","Near Mint Holofoil","0.18","0.10","1.5000","0.0100","","0","",""
"8608104","Pokemon","SV09: Journey Together","Regirock","","082/159","Rare","Near Mint Reverse Holofoil","0.40","0.46","1.6200","0.1300","","0","",""
"8607644","Pokemon","SV09: Journey Together","Remoraid","","033/159","Common","Near Mint","0.11","0.01","1.5000","0.0100","","0","",""
"8607649","Pokemon","SV09: Journey Together","Remoraid","","033/159","Common","Near Mint Reverse Holofoil","0.25","0.20","1.5400","0.0500","","0","",""
"8607624","Pokemon","SV09: Journey Together","Reshiram ex","","030/159","Double Rare","Near Mint Holofoil","0.60","0.67","1.8900","0.4000","","0","",""
"8608119","Pokemon","SV09: Journey Together","Rockruff","","084/159","Common","Near Mint","0.13","0.01","1.5000","0.0100","","0","",""
"8608124","Pokemon","SV09: Journey Together","Rockruff","","084/159","Common","Near Mint Reverse Holofoil","0.27","0.20","1.5100","0.0200","","0","",""
"8608824","Pokemon","SV09: Journey Together","Ruffian - 157/159","","157/159","Uncommon","Near Mint","0.17","0.11","1.5000","0.0100","","0","",""
"8608829","Pokemon","SV09: Journey Together","Ruffian - 157/159","","157/159","Uncommon","Near Mint Reverse Holofoil","0.34","0.51","1.6400","0.1500","","0","",""
"8608959","Pokemon","SV09: Journey Together","Ruffian - 181/159","","181/159","Ultra Rare","Near Mint Holofoil","0.87","0.97","1.8900","0.4000","","0","",""
"8608404","Pokemon","SV09: Journey Together","Salamence ex - 114/159","","114/159","Double Rare","Near Mint Holofoil","0.64","0.65","1.7900","0.3000","","0","",""
"8608939","Pokemon","SV09: Journey Together","Salamence ex - 177/159","","177/159","Ultra Rare","Near Mint Holofoil","2.13","2.52","2.6400","1.1500","","0","",""
"8608989","Pokemon","SV09: Journey Together","Salamence ex - 187/159","","187/159","Special Illustration Rare","Near Mint Holofoil","59.77","69.61","57.2900","56.3000","","0","",""
"8608439","Pokemon","SV09: Journey Together","Sentret","","118/159","Common","Near Mint","0.14","0.01","1.5000","0.0100","","0","",""
"8608444","Pokemon","SV09: Journey Together","Sentret","","118/159","Common","Near Mint Reverse Holofoil","0.26","0.15","1.5300","0.0400","","0","",""
"8608394","Pokemon","SV09: Journey Together","Shelgon","","113/159","Common","Near Mint","0.18","0.05","1.5000","0.0100","","0","",""
"8608399","Pokemon","SV09: Journey Together","Shelgon","","113/159","Common","Near Mint Reverse Holofoil","0.27","0.21","1.5300","0.0400","","0","",""
"8607449","Pokemon","SV09: Journey Together","Shelmet","","012/159","Common","Near Mint","0.03","0.01","1.5000","0.0100","","0","",""
"8607454","Pokemon","SV09: Journey Together","Shelmet","","012/159","Common","Near Mint Reverse Holofoil","0.22","0.14","1.5100","0.0200","","0","",""
"8607884","Pokemon","SV09: Journey Together","Shuppet","","059/159","Common","Near Mint","0.17","0.05","1.5000","0.0100","","0","",""
"8607889","Pokemon","SV09: Journey Together","Shuppet","","059/159","Common","Near Mint Reverse Holofoil","0.30","0.14","1.5000","0.0100","","0","",""
"8608564","Pokemon","SV09: Journey Together","Skwovet","","131/159","Common","Near Mint","0.06","0.01","1.5000","0.0100","","0","",""
"8608569","Pokemon","SV09: Journey Together","Skwovet","","131/159","Common","Near Mint Reverse Holofoil","0.23","0.10","1.5200","0.0200","","0","",""
"8608844","Pokemon","SV09: Journey Together","Spiky Energy - 159/159","","159/159","Uncommon","Near Mint","0.26","0.24","1.5000","0.0100","","0","",""
"8608849","Pokemon","SV09: Journey Together","Spiky Energy - 159/159","","159/159","Uncommon","Near Mint Reverse Holofoil","0.66","0.81","1.5900","0.1000","","0","",""
"8609004","Pokemon","SV09: Journey Together","Spiky Energy - 190/159","","190/159","Hyper Rare","Near Mint Holofoil","4.17","4.79","4.4800","2.4900","","0","",""
"8607489","Pokemon","SV09: Journey Together","Sprigatito","","016/159","Common","Near Mint","0.15","0.05","1.5000","0.0100","","0","",""
"8607494","Pokemon","SV09: Journey Together","Sprigatito","","016/159","Common","Near Mint Reverse Holofoil","0.35","0.20","1.5000","0.0100","","0","",""
"8608664","Pokemon","SV09: Journey Together","Squawkabilly","","141/159","Common","Near Mint","0.18","0.05","1.5000","0.0100","","0","",""
"8608669","Pokemon","SV09: Journey Together","Squawkabilly","","141/159","Common","Near Mint Reverse Holofoil","0.25","0.15","1.5400","0.0400","","0","",""
"8608834","Pokemon","SV09: Journey Together","Super Potion","","158/159","Uncommon","Near Mint","0.16","0.05","1.5000","0.0100","","0","",""
"8608839","Pokemon","SV09: Journey Together","Super Potion","","158/159","Uncommon","Near Mint Reverse Holofoil","0.43","0.69","1.5900","0.1000","","0","",""
"8608054","Pokemon","SV09: Journey Together","Swinub - 077/159","","077/159","Common","Near Mint","0.18","0.01","1.5000","0.0100","","0","",""
"8608059","Pokemon","SV09: Journey Together","Swinub - 077/159","","077/159","Common","Near Mint Reverse Holofoil","0.26","0.10","1.5200","0.0300","","0","",""
"8608879","Pokemon","SV09: Journey Together","Swinub - 165/159","","165/159","Illustration Rare","Near Mint Holofoil","3.55","5.47","3.6400","2.1500","","0","",""
"8607819","Pokemon","SV09: Journey Together","Tapu Koko ex","","051/159","Double Rare","Near Mint Holofoil","0.64","0.99","1.8000","0.3000","","0","",""
"8608159","Pokemon","SV09: Journey Together","Toedscool","","088/159","Common","Near Mint","0.16","0.01","1.5000","0.0100","","0","",""
"8608164","Pokemon","SV09: Journey Together","Toedscool","","088/159","Common","Near Mint Reverse Holofoil","0.28","0.10","1.5100","0.0100","","0","",""
"8608169","Pokemon","SV09: Journey Together","Toedscruel","","089/159","Uncommon","Near Mint","0.07","0.01","1.5000","0.0100","","0","",""
"8608174","Pokemon","SV09: Journey Together","Toedscruel","","089/159","Uncommon","Near Mint Reverse Holofoil","0.37","0.42","1.6300","0.1400","","0","",""
"8607809","Pokemon","SV09: Journey Together","Togedemaru","","050/159","Common","Near Mint","0.18","0.01","1.5000","0.0100","","0","",""
"8607814","Pokemon","SV09: Journey Together","Togedemaru","","050/159","Common","Near Mint Reverse Holofoil","0.23","0.15","1.5300","0.0400","","0","",""
"8607549","Pokemon","SV09: Journey Together","Torchic","","022/159","Common","Near Mint","0.12","0.04","1.5000","0.0100","","0","",""
"8607554","Pokemon","SV09: Journey Together","Torchic","","022/159","Common","Near Mint Reverse Holofoil","0.24","0.17","1.5300","0.0400","","0","",""
"8607574","Pokemon","SV09: Journey Together","Torkoal","","025/159","Common","Near Mint","0.18","0.05","1.5000","0.0100","","0","",""
"8607579","Pokemon","SV09: Journey Together","Torkoal","","025/159","Common","Near Mint Reverse Holofoil","0.25","0.14","1.5200","0.0300","","0","",""
"8608484","Pokemon","SV09: Journey Together","Tropius","","123/159","Common","Near Mint","0.07","0.01","1.5000","0.0100","","0","",""
"8608489","Pokemon","SV09: Journey Together","Tropius","","123/159","Common","Near Mint Reverse Holofoil","0.23","0.14","1.5400","0.0500","","0","",""
"8608224","Pokemon","SV09: Journey Together","Tyranitar","","095/159","Rare","Near Mint Holofoil","0.21","0.16","1.5000","0.0100","","0","",""
"8608229","Pokemon","SV09: Journey Together","Tyranitar","","095/159","Rare","Near Mint Reverse Holofoil","0.51","0.59","1.5900","0.1000","","0","",""
"8607744","Pokemon","SV09: Journey Together","Veluza ex","","043/159","Double Rare","Near Mint Holofoil","0.56","0.55","1.7200","0.2300","","0","",""
"8607479","Pokemon","SV09: Journey Together","Virizion","","015/159","Uncommon","Near Mint","0.06","0.01","1.5000","0.0100","","0","",""
"8607484","Pokemon","SV09: Journey Together","Virizion","","015/159","Uncommon","Near Mint Reverse Holofoil","0.39","0.41","1.6700","0.1800","","0","",""
"8607629","Pokemon","SV09: Journey Together","Volcanion ex - 031/159","","031/159","Double Rare","Near Mint Holofoil","0.69","0.68","1.9400","0.4500","","0","",""
"8608909","Pokemon","SV09: Journey Together","Volcanion ex - 171/159","","171/159","Ultra Rare","Near Mint Holofoil","1.01","1.50","2.0800","0.5900","","0","",""
"8608964","Pokemon","SV09: Journey Together","Volcanion ex - 182/159","","182/159","Special Illustration Rare","Near Mint Holofoil","19.61","24.25","19.6900","18.7000","","0","",""
"8607614","Pokemon","SV09: Journey Together","Volcarona","","029/159","Uncommon","Near Mint","0.09","0.01","1.5000","0.0100","","0","",""
"8607619","Pokemon","SV09: Journey Together","Volcarona","","029/159","Uncommon","Near Mint Reverse Holofoil","0.28","0.10","1.5200","0.0300","","0","",""
"8607714","Pokemon","SV09: Journey Together","Wailmer","","040/159","Common","Near Mint","0.20","0.01","1.5000","0.0100","","0","",""
"8607719","Pokemon","SV09: Journey Together","Wailmer","","040/159","Common","Near Mint Reverse Holofoil","0.21","0.13","1.5000","0.0100","","0","",""
"8607724","Pokemon","SV09: Journey Together","Wailord - 041/159","","041/159","Rare","Near Mint Holofoil","0.24","0.10","1.5000","0.0100","","0","",""
"8607729","Pokemon","SV09: Journey Together","Wailord - 041/159","","041/159","Rare","Near Mint Reverse Holofoil","0.42","0.48","1.6100","0.1200","","0","",""
"8608864","Pokemon","SV09: Journey Together","Wailord - 162/159","","162/159","Illustration Rare","Near Mint Holofoil","16.32","16.40","15.9900","15.0000","","0","",""
"8608199","Pokemon","SV09: Journey Together","Weezing","","092/159","Uncommon","Near Mint","0.06","0.01","1.5000","0.0100","","0","",""
"8608204","Pokemon","SV09: Journey Together","Weezing","","092/159","Uncommon","Near Mint Reverse Holofoil","0.41","0.44","1.7200","0.2300","","0","",""
"8607694","Pokemon","SV09: Journey Together","Wingull","","038/159","Common","Near Mint","0.11","0.01","1.5000","0.0100","","0","",""
"8607699","Pokemon","SV09: Journey Together","Wingull","","038/159","Common","Near Mint Reverse Holofoil","0.28","0.20","1.5000","0.0100","","0","",""
